Trade Name,Owner,Type,Polymer / Chemical Name,Abbrev / ISO,Fungal Resistance,"Fungus Rating (0–4, typical)",Basis / Citation,Notes
Teflon,Chemours,Plastic,Polytetrafluoroethylene (brand also covers FEP/PFA),PTFE,Resistant,0–1,PTFE per MIL-HDBK-454 (Grp I),
Teflon FEP,Chemours,Plastic,Fluorinated ethylene-propylene,FEP,Resistant,0–1,FEP per MIL-HDBK-454 (Grp I),
Teflon PFA,Chemours,Plastic,Perfluoroalkoxy,PFA,Resistant,0–1,"ASTM G21 basis (fluoropolymer, non-nutrient)",2
Tefzel,Chemours,Plastic,Ethylene tetrafluoroethylene,ETFE,Resistant,0–1,"ASTM G21 basis (fluoropolymer, non-nutrient)",2
Neoflon,Daikin,Plastic,Polychlorotrifluoroethylene (brand family),PCTFE,Resistant,0–1,Polymonochlorotrifluoroethylene per MIL-HDBK-454 (Grp I),
Fluon,AGC Chemicals,Plastic,Polytetrafluoroethylene,PTFE,Resistant,0–1,PTFE per MIL-HDBK-454 (Grp I),
Dyneon,3M,Plastic,Fluoropolymer family (PTFE/PVDF/FEP),PTFE,Resistant,0–1,PTFE per MIL-HDBK-454 (Grp I),
Hostaflon,Celanese,Plastic,Polytetrafluoroethylene,PTFE,Resistant,0–1,PTFE per MIL-HDBK-454 (Grp I),
Algoflon,Solvay,Plastic,Polytetrafluoroethylene,PTFE,Resistant,0–1,PTFE per MIL-HDBK-454 (Grp I),
Hyflon,Syensqo,Plastic,Perfluoroalkoxy (PFA/MFA),PFA,Resistant,0–1,"ASTM G21 basis (fluoropolymer, non-nutrient)",2
Gore,W. L. Gore & Associates,Plastic,Expanded PTFE,ePTFE,Resistant,0–1,PTFE per MIL-HDBK-454 (Grp I),
Kynar,Arkema,Plastic,Polyvinylidene fluoride,PVDF,Resistant,0–1,"ASTM G21 basis (fluoropolymer, non-nutrient)",2
Solef,Syensqo,Plastic,Polyvinylidene fluoride,PVDF,Resistant,0–1,"ASTM G21 basis (fluoropolymer, non-nutrient)",2
Hylar,Syensqo,Plastic,Polyvinylidene fluoride,PVDF,Resistant,0–1,"ASTM G21 basis (fluoropolymer, non-nutrient)",2
Halar,Solvay,Plastic,Ethylene chlorotrifluoroethylene,ECTFE,Resistant,0–1,"ASTM G21 basis (fluoropolymer, non-nutrient)",2
Kel-F,Honeywell,Plastic,Polychlorotrifluoroethylene,PCTFE,Resistant,0–1,Polymonochlorotrifluoroethylene per MIL-HDBK-454 (Grp I),
Aclar,Honeywell,Plastic,Polychlorotrifluoroethylene (film),PCTFE,Resistant,0–1,Polymonochlorotrifluoroethylene per MIL-HDBK-454 (Grp I),
Vespel,DuPont,Plastic,Polyimide,PI,Resistant,0–1,Polyimide per MIL-HDBK-454 (Grp I),
Meldin,Saint-Gobain,Plastic,Polyimide,PI,Resistant,0–1,Polyimide per MIL-HDBK-454 (Grp I),
Kapton,DuPont,Plastic,Polyimide (film),PI,Resistant,0–1,Polyimide per MIL-HDBK-454 (Grp I),
Apical,Kaneka,Plastic,Polyimide (film),PI,Resistant,0–1,Polyimide per MIL-HDBK-454 (Grp I),
Upilex,UBE,Plastic,Polyimide (film),PI,Resistant,0–1,Polyimide per MIL-HDBK-454 (Grp I),
Cirlex,DuPont,Plastic,Polyimide (laminate),PI,Resistant,0–1,Polyimide per MIL-HDBK-454 (Grp I),
Torlon,Syensqo,Plastic,Polyamide-imide,PAI,Resistant,0–1,ASTM G21 basis (amide-imide blend),"1,2"
Duratron,Mitsubishi Chemical Group,Plastic,PAI / PI / PBI family,PAI/PI,Resistant,0–1,ASTM G21 basis (amide/imide blend),"1,2"
Ultem,SABIC,Plastic,Polyetherimide,PEI,Resistant,0–1,"ASTM G21 basis (imide family, non-nutrient)",2
Celazole,Celanese,Plastic,Polybenzimidazole,PBI,Resistant,0–1,"ASTM G21 basis (imidazole family, non-nutrient)",2
Victrex,Victrex plc,Plastic,Polyetheretherketone,PEEK,Resistant,0–1,"ASTM G21 basis (PAEK, non-nutrient)",2
Aptiv,Victrex plc,Plastic,Polyetheretherketone (film),PEEK,Resistant,0–1,"ASTM G21 basis (PAEK, non-nutrient)",2
Zeniva,Solvay,Plastic,Polyetheretherketone,PEEK,Resistant,0–1,"ASTM G21 basis (PAEK, non-nutrient)",2
Ketron,Mitsubishi Chemical Group,Plastic,Polyetheretherketone,PEEK,Resistant,0–1,"ASTM G21 basis (PAEK, non-nutrient)",2
Tecapeek,Ensinger,Plastic,Polyetheretherketone,PEEK,Resistant,0–1,"ASTM G21 basis (PAEK, non-nutrient)",2
Sustapeek,Röchling,Plastic,Polyetheretherketone,PEEK,Resistant,0–1,"ASTM G21 basis (PAEK, non-nutrient)",2
AvaSpire,Solvay,Plastic,Polyaryletherketone,PAEK,Resistant,0–1,"ASTM G21 basis (PAEK, non-nutrient)",2
PrimoSpire,Solvay,Plastic,Self-reinforced polyphenylene,SRP,Resistant,0–1,"ASTM G21 basis (aromatic hydrocarbon, non-nutrient)",2
Solviva,Solvay,Plastic,Biomaterials family (PEEK/PPSU/PSU),-,Resistant,0–1,ASTM G21 basis (non-nutrient),2
Ryton,Solvay,Plastic,Polyphenylene sulfide,PPS,Resistant,0–1,ASTM G21 basis (non-nutrient),2
Fortron,Celanese,Plastic,Polyphenylene sulfide,PPS,Resistant,0–1,ASTM G21 basis (non-nutrient),2
Tedur,Ensinger,Plastic,Polyphenylene sulfide,PPS,Resistant,0–1,ASTM G21 basis (non-nutrient),2
Tecatron,Ensinger,Plastic,Polyphenylene sulfide,PPS,Resistant,0–1,ASTM G21 basis (non-nutrient),2
Durafide,Polyplastics,Plastic,Polyphenylene sulfide,PPS,Resistant,0–1,ASTM G21 basis (non-nutrient),2
Techtron,Mitsubishi Chemical Group,Plastic,Polyphenylene sulfide,PPS,Resistant,0–1,ASTM G21 basis (non-nutrient),2
Udel,Syensqo,Plastic,Polysulfone,PSU,Resistant,0–1,Polysulfone per MIL-HDBK-454 (Grp I),
Radel,Syensqo,Plastic,Polyphenylsulfone,PPSU,Resistant,0–1,Polysulfone family per MIL-HDBK-454 (Grp I),2
Veradel,Syensqo,Plastic,Polyethersulfone,PES,Resistant,0–1,Polysulfone family per MIL-HDBK-454 (Grp I),2
Acudel,Syensqo,Plastic,Modified polyphenylsulfone,PPSU,Resistant,0–1,Polysulfone family per MIL-HDBK-454 (Grp I),2
Tecason,Ensinger,Plastic,Polysulfone / PES / PPSU,PSU,Resistant,0–1,Polysulfone per MIL-HDBK-454 (Grp I),
Sustason,Röchling,Plastic,Polysulfone / PPSU / PES,PSU,Resistant,0–1,Polysulfone per MIL-HDBK-454 (Grp I),
Vectra,Celanese,Plastic,Liquid-crystal polymer,LCP,Resistant,0–1,"ASTM G21 basis (aromatic polyester, non-nutrient)",2
Xydar,Syensqo,Plastic,Liquid-crystal polymer,LCP,Resistant,0–1,"ASTM G21 basis (aromatic polyester, non-nutrient)",2
Zenite,Celanese,Plastic,Liquid-crystal polymer,LCP,Resistant,0–1,"ASTM G21 basis (aromatic polyester, non-nutrient)",2
Ekonol,Sumitomo Chemical,Plastic,Aromatic polyester / LCP,LCP,Resistant,0–1,"ASTM G21 basis (aromatic polyester, non-nutrient)",2
Lexan,SABIC,Plastic,Polycarbonate,PC,Resistant,0–1,Polycarbonate per MIL-HDBK-454 (Grp I),
Makrolon,Covestro,Plastic,Polycarbonate,PC,Resistant,0–1,Polycarbonate per MIL-HDBK-454 (Grp I),
Calibre,Trinseo,Plastic,Polycarbonate,PC,Resistant,0–1,Polycarbonate per MIL-HDBK-454 (Grp I),
Panlite,Teijin,Plastic,Polycarbonate,PC,Resistant,0–1,Polycarbonate per MIL-HDBK-454 (Grp I),
Iupilon,Mitsubishi Engineering-Plastics,Plastic,Polycarbonate,PC,Resistant,0–1,Polycarbonate per MIL-HDBK-454 (Grp I),
Trirex,Samyang,Plastic,Polycarbonate,PC,Resistant,0–1,Polycarbonate per MIL-HDBK-454 (Grp I),
Apec,Covestro,Plastic,High-heat polycarbonate copolymer,PC,Resistant,0–1,Polycarbonate per MIL-HDBK-454 (Grp I),
Noryl,SABIC,Plastic,Modified PPE (PPO + PS),mPPE,Resistant,0–1,Polystyrene per MIL-HDBK-454 (Grp I); blend,2
Xyron,Asahi Kasei,Plastic,Modified PPE (PPO + PS),mPPE,Resistant,0–1,Polystyrene per MIL-HDBK-454 (Grp I); blend,2
Zytel,Celanese,Plastic,Polyamide 6/6,PA,Resistant,0–1,"Polyamide per MIL-HDBK-454 (Grp I), note 1",1
Ultramid,BASF,Plastic,Polyamide 6 / 6.6,PA,Resistant,0–1,"Polyamide per MIL-HDBK-454 (Grp I), note 1",1
Vydyne,Ascend Performance Materials,Plastic,Polyamide 6/6,PA,Resistant,0–1,"Polyamide per MIL-HDBK-454 (Grp I), note 1",1
Technyl,DOMO Chemicals,Plastic,Polyamide,PA,Resistant,0–1,"Polyamide per MIL-HDBK-454 (Grp I), note 1",1
Durethan,LANXESS,Plastic,Polyamide,PA,Resistant,0–1,"Polyamide per MIL-HDBK-454 (Grp I), note 1",1
Grivory,EMS-GRIVORY,Plastic,Partly aromatic polyamide,PA,Resistant,0–1,"Polyamide per MIL-HDBK-454 (Grp I), note 1",1
Grilon,EMS-GRIVORY,Plastic,Polyamide,PA,Resistant,0–1,"Polyamide per MIL-HDBK-454 (Grp I), note 1",1
Akulon,Envalior,Plastic,Polyamide 6 / 6.6,PA,Resistant,0–1,"Polyamide per MIL-HDBK-454 (Grp I), note 1",1
Capron,AdvanSix,Plastic,Polyamide 6,PA,Resistant,0–1,"Polyamide per MIL-HDBK-454 (Grp I), note 1",1
Nylatron,Mitsubishi Chemical Group,Plastic,Filled polyamide,PA,Resistant,0–1,"Polyamide per MIL-HDBK-454 (Grp I), note 1",1
Ertalon,Mitsubishi Chemical Group,Plastic,Polyamide 6,PA,Resistant,0–1,"Polyamide per MIL-HDBK-454 (Grp I), note 1",1
Nycast,Cast Nylons Ltd,Plastic,Cast polyamide 6,PA,Resistant,0–1,"Polyamide per MIL-HDBK-454 (Grp I), note 1",1
Tecamid,Ensinger,Plastic,Polyamide,PA,Resistant,0–1,"Polyamide per MIL-HDBK-454 (Grp I), note 1",1
Sustamid,Röchling,Plastic,Polyamide,PA,Resistant,0–1,"Polyamide per MIL-HDBK-454 (Grp I), note 1",1
Maranyl,Nylacast,Plastic,Polyamide,PA,Resistant,0–1,"Polyamide per MIL-HDBK-454 (Grp I), note 1",1
Stanyl,Envalior,Plastic,Polyamide 4.6,PA,Resistant,0–1,"Polyamide per MIL-HDBK-454 (Grp I), note 1",1
Radilon,RadiciGroup,Plastic,Polyamide,PA,Resistant,0–1,"Polyamide per MIL-HDBK-454 (Grp I), note 1",1
Rilsan,Arkema,Plastic,Polyamide 11,PA11,Resistant,0–1,"Polyamide per MIL-HDBK-454 (Grp I), note 1",1
Vestamid,Evonik,Plastic,Polyamide 12,PA12,Resistant,0–1,"Polyamide per MIL-HDBK-454 (Grp I), note 1",1
Trogamid,Evonik,Plastic,Transparent (amorphous) polyamide,PA,Resistant,0–1,"Polyamide per MIL-HDBK-454 (Grp I), note 1",1
Platamid,Arkema,Plastic,Copolyamide (hot-melt),coPA,Resistant,0–1,"Polyamide per MIL-HDBK-454 (Grp I), note 1",1
Mylar,DuPont,Plastic,Polyethylene terephthalate (film),PET,Resistant,0–1,Polyethylene terephthalate per MIL-HDBK-454 (Grp I),
Melinex,DuPont Teijin Films,Plastic,Polyethylene terephthalate (film),PET,Resistant,0–1,Polyethylene terephthalate per MIL-HDBK-454 (Grp I),
Hostaphan,Mitsubishi Polyester Film,Plastic,Polyethylene terephthalate (film),PET,Resistant,0–1,Polyethylene terephthalate per MIL-HDBK-454 (Grp I),
Lumirror,Toray,Plastic,Polyethylene terephthalate (film),PET,Resistant,0–1,Polyethylene terephthalate per MIL-HDBK-454 (Grp I),
Rynite,Celanese,Plastic,Polyethylene terephthalate (GF),PET,Resistant,0–1,Polyethylene terephthalate per MIL-HDBK-454 (Grp I),
Ertalyte,Mitsubishi Chemical Group,Plastic,Polyethylene terephthalate,PET-P,Resistant,0–1,Polyethylene terephthalate per MIL-HDBK-454 (Grp I),
Sustadur,Röchling,Plastic,Polyethylene terephthalate,PET,Resistant,0–1,Polyethylene terephthalate per MIL-HDBK-454 (Grp I),
Arnite,Envalior,Plastic,PET / PBT polyester,PET/PBT,Resistant,0–1,Polyester per MIL-HDBK-454 (Grp I),
Valox,SABIC,Plastic,Polybutylene terephthalate,PBT,Resistant,0–1,Polyester analog of PET per MIL-HDBK-454,2
Crastin,DuPont,Plastic,Polybutylene terephthalate,PBT,Resistant,0–1,Polyester analog of PET per MIL-HDBK-454,2
Teonex,Teijin,Plastic,Polyethylene naphthalate (film),PEN,Resistant,0–1,Aromatic polyester analog per MIL-HDBK-454,2
Tritan,Eastman,Plastic,Copolyester,coPET,Resistant,0–1,Polyester analog of PET per MIL-HDBK-454,2
Eastar,Eastman,Plastic,Copolyester (PETG),PETG,Resistant,0–1,Polyester analog of PET per MIL-HDBK-454,2
Eastalite,Eastman,Plastic,Copolyester (foamed),coPET,Resistant,0–1,Polyester analog of PET per MIL-HDBK-454,2
Skygreen,SK Chemicals,Plastic,Copolyester (PETG),PETG,Resistant,0–1,Polyester analog of PET per MIL-HDBK-454,2
Tivar,Mitsubishi Chemical Group,Plastic,Ultra-high-molecular-weight PE,UHMW-PE,Resistant,0–1,Polyethylene high-density (>0.940) per MIL-HDBK-454 (Grp I),
Polystone,Röchling,Plastic,HDPE / UHMW-PE,PE,Resistant,0–1,Polyethylene high-density per MIL-HDBK-454 (Grp I),
Tyvek,DuPont,Plastic,Flashspun HDPE (nonwoven),HDPE,Resistant,0–1,Polyethylene high-density per MIL-HDBK-454 (Grp I),
BorPure,Borealis,Plastic,High-density polyethylene,HDPE,Resistant,0–1,Polyethylene high-density per MIL-HDBK-454 (Grp I),
Eltex,INEOS,Plastic,High-density polyethylene,HDPE,Resistant,0–1,Polyethylene high-density per MIL-HDBK-454 (Grp I),
Hostalen,LyondellBasell,Plastic,High-density polyethylene,HDPE,Resistant,0–1,Polyethylene high-density per MIL-HDBK-454 (Grp I),
Alathon,LyondellBasell,Plastic,High-density polyethylene,HDPE,Resistant,0–1,Polyethylene high-density per MIL-HDBK-454 (Grp I),
Marlex,Chevron Phillips Chemical,Plastic,High-density polyethylene,HDPE,Resistant,0–1,Polyethylene high-density per MIL-HDBK-454 (Grp I),
Fortiflex,Chevron Phillips Chemical,Plastic,High-density polyethylene,HDPE,Resistant,0–1,Polyethylene high-density per MIL-HDBK-454 (Grp I),
Lupolen,LyondellBasell,Plastic,Polyethylene (LD/HD grades),PE,Conditional,1–3,HDPE Grp I / LDPE Grp II per MIL-HDBK-454 (grade-dependent),
Petrothene,LyondellBasell,Plastic,Polyethylene (LD/HD grades),PE,Conditional,1–3,HDPE Grp I / LDPE Grp II per MIL-HDBK-454 (grade-dependent),
Escorene,ExxonMobil,Plastic,Polyethylene / EVA,PE/EVA,Conditional,1–3,HDPE Grp I; EVA/LDPE grades Grp II (grade-dependent),
Moplen,LyondellBasell,Plastic,Polypropylene,PP,Resistant,0–1,Polypropylene per MIL-HDBK-454 (Grp I),
Pro-fax,LyondellBasell,Plastic,Polypropylene,PP,Resistant,0–1,Polypropylene per MIL-HDBK-454 (Grp I),
Inspire,Braskem,Plastic,Polypropylene,PP,Resistant,0–1,Polypropylene per MIL-HDBK-454 (Grp I),
Typar,Berry Global,Plastic,Spunbond polypropylene (nonwoven),PP,Resistant,0–1,Polypropylene per MIL-HDBK-454 (Grp I),
Styron,Trinseo,Plastic,Polystyrene,PS,Resistant,0–1,Polystyrene per MIL-HDBK-454 (Grp I),
Styrolux,INEOS Styrolution,Plastic,Styrene-butadiene copolymer,SBC,Resistant,0–1,"Polystyrene basis (styrenic, non-nutrient)",2
K-Resin,INEOS Styrolution,Plastic,Styrene-butadiene copolymer,SBC,Resistant,0–1,"Polystyrene basis (styrenic, non-nutrient)",2
NAS,INEOS Styrolution,Plastic,Styrene-methyl methacrylate,SMMA,Conditional,1–3,Styrene resistant; MMA content nutrient per MIL-HDBK-454,3
Delrin,Delrin USA LLC,Plastic,Polyoxymethylene (homopolymer),POM,Susceptible,2–4,Acetal resins per MIL-HDBK-454 (Grp II),
Celcon,Celanese,Plastic,Polyoxymethylene (copolymer),POM,Susceptible,2–4,Acetal resins per MIL-HDBK-454 (Grp II),
Hostaform,Celanese,Plastic,Polyoxymethylene (copolymer),POM,Susceptible,2–4,Acetal resins per MIL-HDBK-454 (Grp II),
Acetron,Mitsubishi Chemical Group,Plastic,Polyoxymethylene,POM,Susceptible,2–4,Acetal resins per MIL-HDBK-454 (Grp II),
Kepital,KEP,Plastic,Polyoxymethylene,POM,Susceptible,2–4,Acetal resins per MIL-HDBK-454 (Grp II),
Ultraform,BASF,Plastic,Polyoxymethylene,POM,Susceptible,2–4,Acetal resins per MIL-HDBK-454 (Grp II),
Duracon,Polyplastics,Plastic,Polyoxymethylene,POM,Susceptible,2–4,Acetal resins per MIL-HDBK-454 (Grp II),
Tenac,Asahi Kasei,Plastic,Polyoxymethylene,POM,Susceptible,2–4,Acetal resins per MIL-HDBK-454 (Grp II),
Sustarin,Röchling,Plastic,Polyoxymethylene,POM,Susceptible,2–4,Acetal resins per MIL-HDBK-454 (Grp II),
Tecaform,Ensinger,Plastic,Polyoxymethylene,POM,Susceptible,2–4,Acetal resins per MIL-HDBK-454 (Grp II),
Plexiglas,Röhm,Plastic,Polymethyl methacrylate,PMMA,Susceptible,2–4,Polymethyl methacrylate per MIL-HDBK-454 (Grp II),3
Acrylite,Roehm America,Plastic,Polymethyl methacrylate,PMMA,Susceptible,2–4,Polymethyl methacrylate per MIL-HDBK-454 (Grp II),3
Lucite,Lucite International (Mitsubishi Chemical),Plastic,Polymethyl methacrylate,PMMA,Susceptible,2–4,Polymethyl methacrylate per MIL-HDBK-454 (Grp II),3
Perspex,Perspex International,Plastic,Polymethyl methacrylate,PMMA,Susceptible,2–4,Polymethyl methacrylate per MIL-HDBK-454 (Grp II),3
Altuglas,Trinseo,Plastic,Polymethyl methacrylate,PMMA,Susceptible,2–4,Polymethyl methacrylate per MIL-HDBK-454 (Grp II),3
Oroglas,ATOFINA (legacy),Plastic,Polymethyl methacrylate,PMMA,Susceptible,2–4,Polymethyl methacrylate per MIL-HDBK-454 (Grp II),3
Crylux,Spartech,Plastic,Polymethyl methacrylate,PMMA,Susceptible,2–4,Polymethyl methacrylate per MIL-HDBK-454 (Grp II),3
Sumipex,Sumitomo Chemical,Plastic,Polymethyl methacrylate,PMMA,Susceptible,2–4,Polymethyl methacrylate per MIL-HDBK-454 (Grp II),3
Cycolac,SABIC,Plastic,Acrylonitrile-butadiene-styrene,ABS,Susceptible,2–4,ABS per MIL-HDBK-454 (Grp II),
Magnum,Trinseo,Plastic,Acrylonitrile-butadiene-styrene,ABS,Susceptible,2–4,ABS per MIL-HDBK-454 (Grp II),
Terluran,INEOS Styrolution,Plastic,Acrylonitrile-butadiene-styrene,ABS,Susceptible,2–4,ABS per MIL-HDBK-454 (Grp II),
Novodur,INEOS Styrolution,Plastic,Acrylonitrile-butadiene-styrene,ABS,Susceptible,2–4,ABS per MIL-HDBK-454 (Grp II),
Lustran,INEOS Styrolution,Plastic,ABS / SAN,ABS,Susceptible,2–4,ABS per MIL-HDBK-454 (Grp II),
Toyolac,Toray,Plastic,Acrylonitrile-butadiene-styrene,ABS,Susceptible,2–4,ABS per MIL-HDBK-454 (Grp II),
Cycoloy,SABIC,Plastic,Polycarbonate / ABS blend,PC/ABS,Susceptible,2–4,ABS content per MIL-HDBK-454 (Grp II); blend,2
Corzan,Lubrizol,Plastic,Chlorinated polyvinyl chloride,CPVC,Susceptible,2–4,Polyvinyl chloride per MIL-HDBK-454 (Grp II),
Kydex,Sekisui SPI,Plastic,PVC / acrylic alloy,PVC/PMMA,Susceptible,2–4,PVC + PMMA both Grp II per MIL-HDBK-454,3
Tedlar,DuPont,Plastic,Polyvinyl fluoride,PVF,Susceptible,2–4,Polyvinyl fluoride per MIL-HDBK-454 (Grp II),
G-10 / FR-4,Various (generic),Plastic,Epoxy-glass laminate,-,Susceptible,2–4,Epoxy-glass fiber laminates per MIL-HDBK-454 (Grp II),
Garolite,Various (generic),Plastic,Epoxy-glass laminate,-,Susceptible,2–4,Epoxy-glass fiber laminates per MIL-HDBK-454 (Grp II),
Micarta,Norplex-Micarta,Plastic,Phenolic laminate (paper/canvas),-,Susceptible,2–4,Phenol-formaldehyde + cellulosic per MIL-HDBK-454 (Grp II),
DAP,Various (generic),Plastic,Diallyl phthalate,DAP,Resistant,0–1,Diallyl phthalate per MIL-HDBK-454 (Grp I),
Perbunan,Arlanxeo,Elastomer,Nitrile,NBR,Susceptible,2–4,Typical family rating (ASTM G21 / MIL-STD-810 0–4 scale); cf. Parker O-Ring Handbook,
Krynac,Arlanxeo,Elastomer,Nitrile,NBR,Susceptible,2–4,Typical family rating (ASTM G21 / MIL-STD-810 0–4 scale); cf. Parker O-Ring Handbook,
Nipol,Zeon,Elastomer,Nitrile,NBR,Susceptible,2–4,Typical family rating (ASTM G21 / MIL-STD-810 0–4 scale); cf. Parker O-Ring Handbook,
Europrene,Versalis,Elastomer,Nitrile,NBR,Susceptible,2–4,Typical family rating (ASTM G21 / MIL-STD-810 0–4 scale); cf. Parker O-Ring Handbook,
Therban,Arlanxeo,Elastomer,Hydrogenated Nitrile,HNBR,Resistant,0–1,Typical family rating (ASTM G21 / MIL-STD-810 0–4 scale); cf. Parker O-Ring Handbook,
Zetpol,Zeon,Elastomer,Hydrogenated Nitrile,HNBR,Resistant,0–1,Typical family rating (ASTM G21 / MIL-STD-810 0–4 scale); cf. Parker O-Ring Handbook,
Keltan,Arlanxeo,Elastomer,Ethylene Propylene,EPDM,Resistant,0–1,Typical family rating (ASTM G21 / MIL-STD-810 0–4 scale); cf. Parker O-Ring Handbook,
Nordel,Dow,Elastomer,Ethylene Propylene,EPDM,Resistant,0–1,Typical family rating (ASTM G21 / MIL-STD-810 0–4 scale); cf. Parker O-Ring Handbook,
Royalene,Lion Elastomers,Elastomer,Ethylene Propylene,EPDM,Resistant,0–1,Typical family rating (ASTM G21 / MIL-STD-810 0–4 scale); cf. Parker O-Ring Handbook,
Vistalon,ExxonMobil,Elastomer,Ethylene Propylene,EPDM,Resistant,0–1,Typical family rating (ASTM G21 / MIL-STD-810 0–4 scale); cf. Parker O-Ring Handbook,
Viton,Chemours,Elastomer,Fluorocarbon,FKM,Resistant,0,Typical family rating (ASTM G21 / MIL-STD-810 0–4 scale); cf. Parker O-Ring Handbook,
Dyneon,3M,Elastomer,Fluorocarbon,FKM,Resistant,0,Typical family rating (ASTM G21 / MIL-STD-810 0–4 scale); cf. Parker O-Ring Handbook,
Tecnoflon,Syensqo,Elastomer,Fluorocarbon,FKM,Resistant,0,Typical family rating (ASTM G21 / MIL-STD-810 0–4 scale); cf. Parker O-Ring Handbook,
Dai-El,Daikin,Elastomer,Fluorocarbon,FKM,Resistant,0,Typical family rating (ASTM G21 / MIL-STD-810 0–4 scale); cf. Parker O-Ring Handbook,
HiFluor,Various regional manufacturers,Elastomer,Fluorocarbon,FKM,Resistant,0,Typical family rating (ASTM G21 / MIL-STD-810 0–4 scale); cf. Parker O-Ring Handbook,*
Kalrez,DuPont,Elastomer,Perfluoroelastomer,FFKM,Resistant,0,Typical family rating (ASTM G21 / MIL-STD-810 0–4 scale); cf. Parker O-Ring Handbook,
Chemraz,Greene Tweed,Elastomer,Perfluoroelastomer,FFKM,Resistant,0,Typical family rating (ASTM G21 / MIL-STD-810 0–4 scale); cf. Parker O-Ring Handbook,
Simriz,Freudenberg,Elastomer,Perfluoroelastomer,FFKM,Resistant,0,Typical family rating (ASTM G21 / MIL-STD-810 0–4 scale); cf. Parker O-Ring Handbook,
Isolast,Trelleborg,Elastomer,Perfluoroelastomer,FFKM,Resistant,0,Typical family rating (ASTM G21 / MIL-STD-810 0–4 scale); cf. Parker O-Ring Handbook,
Parofluor,Parker Hannifin,Elastomer,Perfluoroelastomer,FFKM,Resistant,0,Typical family rating (ASTM G21 / MIL-STD-810 0–4 scale); cf. Parker O-Ring Handbook,
Perlast,PPE Ltd,Elastomer,Perfluoroelastomer,FFKM,Resistant,0,Typical family rating (ASTM G21 / MIL-STD-810 0–4 scale); cf. Parker O-Ring Handbook,
Aflas,AGC Chemicals,Elastomer,TFE/Propylene,FEPM,Resistant,0,Typical family rating (ASTM G21 / MIL-STD-810 0–4 scale); cf. Parker O-Ring Handbook,
Neoprene,DuPont,Elastomer,Chloroprene,CR,Susceptible,2–3,Typical family rating (ASTM G21 / MIL-STD-810 0–4 scale); cf. Parker O-Ring Handbook,
Baypren,Arlanxeo,Elastomer,Chloroprene,CR,Susceptible,2–3,Typical family rating (ASTM G21 / MIL-STD-810 0–4 scale); cf. Parker O-Ring Handbook,
Denka Chloroprene,Denka,Elastomer,Chloroprene,CR,Susceptible,2–3,Typical family rating (ASTM G21 / MIL-STD-810 0–4 scale); cf. Parker O-Ring Handbook,
Buna S,Various,Elastomer,Styrene-Butadiene,SBR,Susceptible,3–4,Typical family rating (ASTM G21 / MIL-STD-810 0–4 scale); cf. Parker O-Ring Handbook,
Buna SB,Various,Elastomer,Styrene-Butadiene,SBR,Susceptible,3–4,Typical family rating (ASTM G21 / MIL-STD-810 0–4 scale); cf. Parker O-Ring Handbook,
HyTemp,Zeon,Elastomer,Polyacrylate,ACM,Resistant,0,Typical family rating (ASTM G21 / MIL-STD-810 0–4 scale); cf. Parker O-Ring Handbook,
Noxtite,NOK Corporation,Elastomer,Polyacrylate,ACM,Resistant,0,Typical family rating (ASTM G21 / MIL-STD-810 0–4 scale); cf. Parker O-Ring Handbook,
Nipol AR,Zeon,Elastomer,Polyacrylate,ACM,Resistant,0,Typical family rating (ASTM G21 / MIL-STD-810 0–4 scale); cf. Parker O-Ring Handbook,
Adiprene,LANXESS,Elastomer,Polyurethane,AU/EU,Susceptible,2–4,Typical family rating (ASTM G21 / MIL-STD-810 0–4 scale); cf. Parker O-Ring Handbook,
Estane,Lubrizol,Elastomer,Polyurethane,AU/EU,Susceptible,2–4,Typical family rating (ASTM G21 / MIL-STD-810 0–4 scale); cf. Parker O-Ring Handbook,
Elastollan,BASF,Elastomer,Polyurethane,AU/EU,Susceptible,2–4,Typical family rating (ASTM G21 / MIL-STD-810 0–4 scale); cf. Parker O-Ring Handbook,
Desmopan,Covestro,Elastomer,Polyurethane,AU/EU,Susceptible,2–4,Typical family rating (ASTM G21 / MIL-STD-810 0–4 scale); cf. Parker O-Ring Handbook,
Pellethane,Lubrizol,Elastomer,Polyurethane,AU/EU,Susceptible,2–4,Typical family rating (ASTM G21 / MIL-STD-810 0–4 scale); cf. Parker O-Ring Handbook,
Vibrathane,Vibrathane,Elastomer,Polyurethane,AU/EU,Susceptible,2–4,Typical family rating (ASTM G21 / MIL-STD-810 0–4 scale); cf. Parker O-Ring Handbook,
Polysar Butyl,Arlanxeo,Elastomer,Butyl,IIR,Resistant,0–1,Typical family rating (ASTM G21 / MIL-STD-810 0–4 scale); cf. Parker O-Ring Handbook,
Exxon Butyl,ExxonMobil,Elastomer,Butyl,IIR,Resistant,0–1,Typical family rating (ASTM G21 / MIL-STD-810 0–4 scale); cf. Parker O-Ring Handbook,
Budene,Various,Elastomer,Butadiene,BR,Susceptible,2–3,Typical family rating (ASTM G21 / MIL-STD-810 0–4 scale); cf. Parker O-Ring Handbook,
Buna CB,Various,Elastomer,Butadiene,BR,Susceptible,2–3,Typical family rating (ASTM G21 / MIL-STD-810 0–4 scale); cf. Parker O-Ring Handbook,
Cariflex IR,Kraton,Elastomer,Isoprene,IR,Susceptible,3–4,Typical family rating (ASTM G21 / MIL-STD-810 0–4 scale); cf. Parker O-Ring Handbook,
Natsyn,Goodyear,Elastomer,Isoprene,IR,Susceptible,3–4,Typical family rating (ASTM G21 / MIL-STD-810 0–4 scale); cf. Parker O-Ring Handbook,
SMR,Malaysian Rubber Board,Elastomer,Natural Rubber,NR,Susceptible,3–4,Typical family rating (ASTM G21 / MIL-STD-810 0–4 scale); cf. Parker O-Ring Handbook,
RSS,International Standard,Elastomer,Natural Rubber,NR,Susceptible,3–4,Typical family rating (ASTM G21 / MIL-STD-810 0–4 scale); cf. Parker O-Ring Handbook,
Hypalon,DuPont (legacy),Elastomer,Chlorosulfonated Polyethylene,CSM,Resistant,0–1,Typical family rating (ASTM G21 / MIL-STD-810 0–4 scale); cf. Parker O-Ring Handbook,
Tosoh CSM,Tosoh,Elastomer,Chlorosulfonated Polyethylene,CSM,Resistant,0–1,Typical family rating (ASTM G21 / MIL-STD-810 0–4 scale); cf. Parker O-Ring Handbook,
Silastic Fluorosilicone,Dow,Elastomer,Fluorosilicone,FVMQ,Resistant,0,Typical family rating (ASTM G21 / MIL-STD-810 0–4 scale); cf. Parker O-Ring Handbook,
Elastosil FS,Wacker,Elastomer,Fluorosilicone,FVMQ,Resistant,0,Typical family rating (ASTM G21 / MIL-STD-810 0–4 scale); cf. Parker O-Ring Handbook,
Shin-Etsu Fluorosilicone,Shin-Etsu,Elastomer,Fluorosilicone,FVMQ,Resistant,0,Typical family rating (ASTM G21 / MIL-STD-810 0–4 scale); cf. Parker O-Ring Handbook,
Silastic,Dow,Elastomer,Silicone,MQ/VMQ/PVMQ,Resistant,0,Typical family rating (ASTM G21 / MIL-STD-810 0–4 scale); cf. Parker O-Ring Handbook,
Elastosil,Wacker,Elastomer,Silicone,MQ/VMQ/PVMQ,Resistant,0,Typical family rating (ASTM G21 / MIL-STD-810 0–4 scale); cf. Parker O-Ring Handbook,
Bluesil,Elkem,Elastomer,Silicone,MQ/VMQ/PVMQ,Resistant,0,Typical family rating (ASTM G21 / MIL-STD-810 0–4 scale); cf. Parker O-Ring Handbook,
Momentive Silicone,Momentive,Elastomer,Silicone,MQ/VMQ/PVMQ,Resistant,0,Typical family rating (ASTM G21 / MIL-STD-810 0–4 scale); cf. Parker O-Ring Handbook,
Shin-Etsu Silicone,Shin-Etsu,Elastomer,Silicone,MQ/VMQ/PVMQ,Resistant,0,Typical family rating (ASTM G21 / MIL-STD-810 0–4 scale); cf. Parker O-Ring Handbook,
Nylon,Generic / Industry Term,Plastic,"Polyamide (Nylon 6/6,6)",PA,Resistant,0–1,Polyamide per MIL-HDBK-454 (Grp I),1
PPSU,Generic / Industry Term,Plastic,Polyphenylsulfone,PPSU,Resistant,0–1,Polysulfone family per MIL-HDBK-454 (Grp I),2
Acetal,Generic / Industry Term,Plastic,Polyoxymethylene,POM,Susceptible,2–4,Acetal resins per MIL-HDBK-454 (Grp II),
UHMW,Generic / Industry Term,Plastic,Ultra-high-molecular-weight polyethylene,UHMW-PE,Resistant,0–1,Polyethylene high-density (>0.940) per MIL-HDBK-454 (Grp I),
Cast Nylon,Generic / Industry Term,Plastic,Polyamide 6 (monomer-cast),PA,Resistant,0–1,Polyamide per MIL-HDBK-454 (Grp I),1
Impact Resistant ABS,Generic / Industry Term,Plastic,Acrylonitrile-butadiene-styrene (high-impact grade),ABS,Susceptible,2–4,ABS per MIL-HDBK-454 (Grp II),
Moisture Resistant HDPE,Generic / Industry Term,Plastic,High-density polyethylene (moisture-resistant grade),HDPE,Resistant,0–1,Polyethylene high-density per MIL-HDBK-454 (Grp I),
Cast Acrylic,Generic / Industry Term,Plastic,Polymethyl methacrylate (cast sheet),PMMA,Susceptible,2–4,Polymethyl methacrylate per MIL-HDBK-454 (Grp II),3
Polypropylene,Generic / Industry Term,Plastic,Polypropylene,PP,Resistant,0–1,Polypropylene per MIL-HDBK-454 (Grp I),
Polycarbonate,Generic / Industry Term,Plastic,Polycarbonate,PC,Resistant,0–1,Polycarbonate per MIL-HDBK-454 (Grp I),
PVC (Rigid),Generic / Industry Term,Plastic,"Polyvinyl chloride, rigid",PVC,Susceptible,2–4,Polyvinyl chloride per MIL-HDBK-454 (Grp II),
PEEK,Generic / Industry Term,Plastic,Polyetheretherketone,PEEK,Resistant,0–1,"ASTM G21 basis (PAEK, non-nutrient)",2
CPVC,Generic / Industry Term,Plastic,Chlorinated polyvinyl chloride,CPVC,Susceptible,2–4,Polyvinyl chloride per MIL-HDBK-454 (Grp II),
Glass Filled UHMW,Generic / Industry Term,Plastic,Ultra-high-molecular-weight polyethylene (glass-fiber filled),UHMW-PE,Conditional,1–3,Base resin Grp I per MIL-HDBK-454; glass-fiber sizing/binder is grade-dependent,
LDPE,Generic / Industry Term,Plastic,Low-density polyethylene,LDPE,Susceptible,2–4,Polyethylene low-density per MIL-HDBK-454 (Grp II),
Metal Detectable PEEK,Generic / Industry Term,Plastic,Polyetheretherketone (metal-detectable filled grade),PEEK,Conditional,1–3,"ASTM G21 basis (PAEK, non-nutrient); filler package is grade-dependent",2
Polystyrene,Generic / Industry Term,Plastic,Polystyrene,PS,Resistant,0–1,Polystyrene per MIL-HDBK-454 (Grp I),
PVC Foam,Generic / Industry Term,Plastic,Polyvinyl chloride (closed-cell foam),PVC,Susceptible,2–4,Polyvinyl chloride per MIL-HDBK-454 (Grp II),
Nitrile Foam,Generic / Industry Term,Elastomer,Nitrile (closed-cell foam),NBR,Susceptible,2–4,Typical family rating (ASTM G21 / MIL-STD-810 0–4 scale); cf. Parker O-Ring Handbook,
PAEK,Generic / Industry Term,Plastic,Polyaryletherketone family (PEEK/PEK/PEKK),PAEK,Resistant,0–1,"ASTM G21 basis (PAEK, non-nutrient)",2
FEP,Generic / Industry Term,Plastic,Fluorinated ethylene-propylene,FEP,Resistant,0–1,FEP per MIL-HDBK-454 (Grp I),
PSU,Generic / Industry Term,Plastic,Polysulfone,PSU,Resistant,0–1,Polysulfone per MIL-HDBK-454 (Grp I),
PETG,Generic / Industry Term,Plastic,Copolyester (PETG),PETG,Resistant,0–1,Polyester analog of PET per MIL-HDBK-454,2
PFA,Generic / Industry Term,Plastic,Perfluoroalkoxy,PFA,Resistant,0–1,"ASTM G21 basis (fluoropolymer, non-nutrient)",2
PCTFE,Generic / Industry Term,Plastic,Polychlorotrifluoroethylene,PCTFE,Resistant,0–1,Polymonochlorotrifluoroethylene per MIL-HDBK-454 (Grp I),
Rexolite,C-Lec Plastics,Plastic,"Polystyrene (cross-linked, thermoset)",PS,Resistant,0–1,"Polystyrene basis (styrenic, non-nutrient); cross-linked matrix",2
Cellulose Acetate Butyrate,Generic / Industry Term,Plastic,Cellulose acetate butyrate,CAB,Susceptible,2–4,Cellulosics per MIL-HDBK-454 (Grp II); natural cellulosic content is a fungal nutrient,
Nitrile,Generic / Industry Term,Elastomer,Nitrile,NBR,Susceptible,2–4,Typical family rating (ASTM G21 / MIL-STD-810 0–4 scale); cf. Parker O-Ring Handbook,
Hydrogenated Nitrile,Generic / Industry Term,Elastomer,Hydrogenated Nitrile,HNBR,Resistant,0–1,Typical family rating (ASTM G21 / MIL-STD-810 0–4 scale); cf. Parker O-Ring Handbook,
Ethylene Propylene,Generic / Industry Term,Elastomer,Ethylene Propylene,EPDM,Resistant,0–1,Typical family rating (ASTM G21 / MIL-STD-810 0–4 scale); cf. Parker O-Ring Handbook,
Fluorocarbon,Generic / Industry Term,Elastomer,Fluorocarbon,FKM,Resistant,0,Typical family rating (ASTM G21 / MIL-STD-810 0–4 scale); cf. Parker O-Ring Handbook,
Perfluoroelastomer,Generic / Industry Term,Elastomer,Perfluoroelastomer,FFKM,Resistant,0,Typical family rating (ASTM G21 / MIL-STD-810 0–4 scale); cf. Parker O-Ring Handbook,
Chloroprene,Generic / Industry Term,Elastomer,Chloroprene,CR,Susceptible,2–3,Typical family rating (ASTM G21 / MIL-STD-810 0–4 scale); cf. Parker O-Ring Handbook,
Styrene-Butadiene,Generic / Industry Term,Elastomer,Styrene-Butadiene,SBR,Susceptible,3–4,Typical family rating (ASTM G21 / MIL-STD-810 0–4 scale); cf. Parker O-Ring Handbook,
Polyacrylate,Generic / Industry Term,Elastomer,Polyacrylate,ACM,Resistant,0,Typical family rating (ASTM G21 / MIL-STD-810 0–4 scale); cf. Parker O-Ring Handbook,
Polyurethane,Generic / Industry Term,Elastomer,Polyurethane,AU/EU,Susceptible,2–4,Typical family rating (ASTM G21 / MIL-STD-810 0–4 scale); cf. Parker O-Ring Handbook,
Butyl,Generic / Industry Term,Elastomer,Butyl,IIR,Resistant,0–1,Typical family rating (ASTM G21 / MIL-STD-810 0–4 scale); cf. Parker O-Ring Handbook,
Butadiene,Generic / Industry Term,Elastomer,Butadiene,BR,Susceptible,2–3,Typical family rating (ASTM G21 / MIL-STD-810 0–4 scale); cf. Parker O-Ring Handbook,
Isoprene,Generic / Industry Term,Elastomer,Isoprene,IR,Susceptible,3–4,Typical family rating (ASTM G21 / MIL-STD-810 0–4 scale); cf. Parker O-Ring Handbook,
Natural Rubber,Generic / Industry Term,Elastomer,Natural Rubber,NR,Susceptible,3–4,Typical family rating (ASTM G21 / MIL-STD-810 0–4 scale); cf. Parker O-Ring Handbook,
Chlorosulfonated Polyethylene,Generic / Industry Term,Elastomer,Chlorosulfonated Polyethylene,CSM,Resistant,0–1,Typical family rating (ASTM G21 / MIL-STD-810 0–4 scale); cf. Parker O-Ring Handbook,
Fluorosilicone,Generic / Industry Term,Elastomer,Fluorosilicone,FVMQ,Resistant,0,Typical family rating (ASTM G21 / MIL-STD-810 0–4 scale); cf. Parker O-Ring Handbook,
Silicone,Generic / Industry Term,Elastomer,Silicone,MQ/VMQ/PVMQ,Resistant,0,Typical family rating (ASTM G21 / MIL-STD-810 0–4 scale); cf. Parker O-Ring Handbook,
