Compound / Fluid,Notes / Source,HDPE,LDPE,PA,PC,PETG,PMP,POM,PP,PS,PSU,PVC-H,PVC-S,SAN,ECTFE-ETFE,FEP,PTFE,PVDF
Acetaldehyde,C H O · 000075-07-0 · techn. pure,3,2,2,4,4,2,2,3,4,4,4,x,4,2,1,1,4
Acetamide,C H NO · 000060-35-5 · saturated,1,1,1,4,x,1,1,1,1,4,4,x,1,1,1,1,1
Acetic acid,C H O · 000064-19-7 · 50 %,1,1,4,1,x,1,3,1,2,2,1,x,x,1,1,1,1
Acetic acid,C H O · 000064-19-7 · 100 %,x,x,4,4,4,3,4,1,x,x,x,x,x,x,1,1,1
Acetic acid,C H O · 000064-19-7 · 90%,1,1,4,4,4,1,4,1,4,3,1,4,4,1,1,1,1
Acetic acid,C H O · 000064-19-7 · 10 %,1,1,4,1,1,3,1,1,1,1,1,1,1,1,1,1,1
Acetic acid,C H O · 000064-19-7 · 5 %,1,1,4,1,1,1,1,1,1,1,1,3,1,1,1,1,1
Acetic anhydride,C H O · 000108-24-7 · techn. pure,4,3,3,4,x,4,2,1,4,4,4,4,x,x,1,1,4
Acetone,C H O · 000067-64-1,1,3,1,4,4,2,1,1,4,4,4,x,4,2,1,1,3
Acetonitrile,C H N · 000075-05-8,1,1,1,4,4,3,3,3,4,4,4,x,x,1,1,1,1
Acetophenone,C H O · 000098-86-2,x,1,1,4,4,4,1,1,x,x,4,4,x,1,x,1,1
Acetyl chloride,C H ClO · 000075-36-5 · 100 %,x,x,4,4,4,4,4,3,x,x,x,x,x,x,1,1,1
Acetylene,C H · 000074-86-2 · 100 %,1,1,1,1,1,x,1,1,x,x,2,4,3,1,1,1,1
Acetylsalicylic acid,C H O · 000050-78-2 · 100 %,x,x,1,x,2,x,3,1,1,x,x,x,1,1,1,1,1
Acrylonitrile,C H N · 000107-13-1,1,1,1,4,4,3,3,3,4,4,4,4,x,1,1,1,3
Adipic acid,C H O · 000124-04-9 · saturated,1,1,x,1,2,1,1,1,1,2,1,1,x,1,1,1,1
"Alanine, L-",C 3 H 7 NO 2 · 000056-41-7,1,1,1,4,2,1,1,1,1,4,4,x,x,1,1,1,1
Allspice,— · — · ground,x,x,2,4,x,x,2,2,4,x,x,x,3,x,1,1,1
Allyl acetate,C 5 H 8 O 2 · 000591-87-7 · 100 %,x,1,4,4,4,4,2,1,4,x,x,4,x,x,1,1,2
Allyl alcohol,C 3 H 6 O · 000107-18-6 · 96 %,1,3,3,3,1,1,2,2,2,2,2,4,4,1,1,1,2
Allyl chloride,C 3 H 5 Cl · 000107-05-1 · 100 %,3,3,x,4,4,4,2,4,x,x,4,4,x,x,1,2,1
Allyl mustard oil,C 4 H 5 NS · 000057-06-7,x,x,x,4,3,4,2,2,x,x,x,x,4,x,1,1,2
"Almond oil, sweet",— · 008007-69-0,x,x,2,1,1,x,2,2,3,x,x,x,1,x,1,1,1
Alumina acidic,C 4 H 7 AlO 5 x H 2 O · 000142-03-0 · saturated,1,1,2,2,2,x,1,1,x,x,1,1,1,1,1,1,1
Aluminium fluoride,AlF 3 · 007789-18-1 · aqueous,1,1,3,2,2,1,3,1,x,x,1,1,x,x,1,1,1
Aluminum ammonium sulfate dodecahydrate,(NH 4 )Al(SO 4 ) 2 · 007784-26-1 · saturated,1,1,3,2,2,x,3,1,x,x,x,x,x,x,1,1,1
Aluminum chloride,AlCl 3 · 007784-13-6 · 10 %,1,1,1,1,2,1,3,1,1,x,1,x,1,2,1,1,1
Aluminum chloride,AlCl 3 · 007784-13-6 · solid,1,1,3,3,x,x,4,1,x,x,x,x,x,x,x,1,2
Aluminum chloride,AlCl 3 · 007784-13-6 · saturated,1,1,3,2,x,x,4,1,x,x,1,x,1,x,1,1,1
Aluminum hydroxide,Al(HO) 3 · 021645-51-2,1,1,1,1,1,1,1,1,2,2,1,1,1,1,1,1,1
Aluminum nitrate,Al(NO 3 ) 3 · 013473-90-0 · aqueous,1,1,1,1,2,1,3,1,1,1,1,1,x,x,1,1,1
"Aluminum oxide, alpha-",Al 2 O 3 · 001344-28-1 · solid,1,1,1,1,1,1,1,1,1,1,1,1,1,1,1,1,1
Aluminum potassium sulfate,KAl(SO 4 ) 2 x 12H 2 O · 010043-67-1 · diluted,1,1,1,1,2,x,3,1,1,1,1,1,1,1,1,1,1
Aluminum potassium sulfate,KAl(SO 4 ) 2 x 12H 2 O · 010043-67-1 · saturated,1,1,1,1,2,x,3,1,1,1,1,1,x,1,1,1,1
Aluminum sodium sulfate,NaAl(SO 4 ) 2 · 010102-71-3,1,1,3,2,1,x,3,1,x,x,x,x,x,1,1,1,1
Aluminum sulfate,Al 2 (SO 4 ) 3 · 010043-01-3 · 10 %,1,1,1,1,2,1,3,1,1,1,1,1,x,x,1,1,1
Aluminum sulfate,Al 2 (SO 4 ) 3 · 010043-01-3 · saturated,1,1,3,1,x,1,3,1,x,x,1,x,1,x,1,1,1
Aminoethanol,2 7 · 000141-43-5,x,x,3,3,x,x,3,1,4,x,x,x,x,x,1,1,2
Ammonium acetate,Nickel-chromium-mo0l0yb0d6e3n1u-6m1 · -a8lloysaturated,1,1,1,1,2,1,1,1,1,1,1,x,x,1,1,1,1
Ammonium bicarbonate,CH NO · 001066-33-7 · saturated,1,1,1,2,x,x,2,1,x,x,x,x,x,x,1,1,1
Ammonium bisulfide,(NH )HS · 012124-99-1 · each,1,1,1,3,x,x,2,1,x,x,x,x,x,x,1,1,1
Ammonium carbonate,(NH 4 ) 2 CO 3 · 010361-29-2 · 50 %,1,1,1,3,x,1,2,1,1,1,1,1,1,x,1,1,1
Ammonium carbonate,(NH 4 ) 2 CO 3 · 010361-29-2 · aqueous,1,1,1,3,2,x,2,1,x,x,x,x,x,x,1,1,1
Ammonium chloride,(NH )Cl · 012125-02-9 · aqueous,1,1,1,1,2,1,2,1,1,1,1,1,1,1,1,1,1
Ammonium difluoride,F H N · 001341-49-7 · 50 %,1,1,2,4,x,x,4,1,x,x,1,x,x,x,1,1,1
Ammonium ferric sulfate,(NH )Fe(SO ) · 007783-83-7 · saturated,1,1,1,2,2,x,3,1,x,x,x,x,x,x,1,1,1
Ammonium ferrous sulfate,(NH ) Fe(SO ) · 007783-85-9,1,1,2,2,2,x,3,1,1,x,x,x,1,1,1,1,1
Ammonium fluoride,(NH )F · 012125-01-8 · saturated,1,1,1,4,2,1,2,1,x,x,1,x,x,x,1,1,1
Ammonium fluoride,(NH )F · 012125-01-8 · aqueous,1,1,1,3,2,x,2,1,x,x,x,x,x,x,1,1,1
Ammonium glycolate,C H NO · 035249-89-9,1,1,1,2,2,1,2,1,1,2,1,x,x,1,1,1,1
Ammonium heptamolybdate,(NH ) Mo O · 012054-85-2,1,1,1,2,2,x,1,1,1,x,x,x,1,x,1,1,1
Ammonium hydroxide,NH + H O · 001336-21-6 · 30 %,1,1,3,4,2,1,1,1,2,2,1,x,x,1,1,1,2
Ammonium hydroxide,NH + H O · 001336-21-6 · 5 %,1,1,2,3,2,1,1,1,1,2,1,x,x,1,1,1,2
Ammonium hydroxide,NH + H O · 001336-21-6,1,1,3,4,2,1,1,1,2,2,1,1,2,1,1,1,1
Ammonium nitrate,(NH )NO · 006484-52-2 · 10 %,1,x,1,1,2,x,2,1,1,1,1,x,x,1,1,1,1
Ammonium nitrate,(NH )NO · 006484-52-2 · saturated,1,1,1,1,2,1,2,1,1,1,1,1,1,1,1,1,1
Ammonium nitrite,(NH )NO · 013446-48-5 · aqueous,1,1,2,2,2,x,2,1,x,x,x,x,x,x,1,1,1
Ammonium oxalate,C H N O · 014258-49-2,1,1,1,1,2,1,2,1,1,1,1,x,x,1,1,1,1
Ammonium persulfate,(NH ) S O · 007727-54-0 · saturated,x,x,4,2,x,x,2,1,x,x,1,x,x,x,1,1,1
Ammonium persulfate,(NH ) S O · 007727-54-0 · aqueous,x,x,4,2,x,x,2,1,x,x,x,x,x,x,1,1,1
"Ammonium phosphate, Mono-",(NH )H PO · 007722-76-1 · each,1,1,1,2,2,1,2,1,1,1,1,1,x,1,1,1,1
Ammonium polyphosphate (APP),(NH PO ) · 068333-79-9,1,1,1,2,2,x,1,1,x,x,x,x,x,1,1,1,1
Ammonium sulfate,(NH 4 ) 2 SO 4 · 007783-20-2 · 10 %,1,1,1,1,2,1,1,1,1,1,1,x,x,1,1,1,1
Ammonium sulfate,(NH 4 ) 2 SO 4 · 007783-20-2 · saturated,1,1,1,1,2,1,2,1,1,1,1,1,1,1,1,1,1
Ammonium sulfide,(NH 4 ) 2 S · 012135-76-1 · each,1,1,1,4,x,1,2,1,x,x,1,1,x,x,1,1,1
Ammonium sulfide,(NH 4 ) 2 S · 012135-76-1 · aqueous,1,1,1,3,x,x,2,1,x,x,x,x,x,x,1,1,1
Ammonium thiocyanate,CH 4 N 2 S · 001762-95-4,1,1,3,1,2,1,1,1,1,x,1,x,1,1,1,1,1
Amomum,— · —,x,x,2,2,2,x,2,2,4,x,x,x,1,x,1,1,1
"Amyl acetate, normal",C H O · 000628-63-7,1,2,2,4,1,2,1,3,4,4,4,4,4,1,1,1,1
Amyl chloride,C H Cl · 000543-59-9,3,4,1,4,x,4,2,4,4,4,4,4,x,1,1,1,1
Amyl cinnamic aldehyde,C H O · 000122-40-7,x,x,x,4,x,4,3,3,x,x,x,x,4,x,1,1,2
Aniline,C H N · 000062-53-3,1,1,3,4,x,2,1,2,4,4,4,4,x,2,1,1,1
Aniline hydrochloride,C H ClN · 000142-04-1 · saturated,1,x,3,3,x,x,3,1,x,x,1,x,x,x,1,1,1
Anise,— · —,x,x,2,2,2,x,2,2,x,x,x,x,1,x,1,1,1
Anise oil,— · 084775-42-8,x,x,3,3,x,4,2,3,x,x,x,x,4,x,1,1,3
Anisole,C H O · 000100-66-3 · 100 %,1,3,1,4,x,2,2,3,4,x,x,x,x,x,1,1,3
Antifreeze agent (car),— · —,1,1,3,1,1,x,1,1,1,x,x,x,x,x,1,1,1
Antimony pentachloride,SbCl · 007647-18-9,x,x,4,3,x,x,4,1,x,x,x,x,x,x,x,x,2
Antimony trichloride,SbCl · 010025-91-9 · 90 %,1,1,4,1,x,x,4,1,x,x,1,x,x,x,1,1,1
Antimony trichloride,SbCl · 010025-91-9 · anhydrous,x,x,4,1,x,x,4,1,x,x,x,x,x,x,x,1,2
Antimony trichloride,SbCl · 010025-91-9 · aqueous,x,x,4,3,x,x,4,1,x,x,x,x,x,x,1,1,1
Apple juice,— · —,1,1,1,1,1,x,2,1,1,x,x,x,1,1,1,1,1
Arsenic acid,H 3 AsO 4 · 022538-92-7 · aqueous,1,x,3,1,x,x,4,1,1,x,1,3,x,1,1,1,1
Arsenic acid,H 3 AsO 4 · 022538-92-7,1,x,3,1,x,x,4,1,1,x,1,3,x,1,x,1,1
Arsenic pentoxide,As 2 O 5 · 001303-28-2,1,1,3,2,x,x,4,1,x,x,x,x,x,x,x,1,2
Ascorbic acid,C 6 H 8 O 6 · 000050-81-7 · aqueous,1,1,2,2,1,x,2,1,x,x,x,x,x,1,1,1,1
Atropine sulfate,C 34 H 48 N 2 SO 10 -H 2 O · 000055-48-1,1,1,2,1,2,x,1,1,x,x,x,x,1,1,1,1,1
Barium carbonate,BaCO · 000513-77-9 · saturated,1,1,1,1,1,1,1,1,1,x,1,1,1,1,1,1,1
Barium chloride,BaCl · 010361-37-2 · saturated,1,1,1,1,1,1,2,1,1,1,1,1,1,1,1,1,1
Barium chloride,BaCl · 010361-37-2 · aqueous,1,1,1,2,1,x,2,1,x,x,x,x,x,1,1,1,1
Barium dibromide,BaBr · 010553-31-8,1,1,2,2,1,x,2,1,1,x,x,x,1,1,1,1,1
Barium hydroxide,Ba(HO) · 012230-71-6 · saturated,1,1,1,3,x,1,2,1,x,x,1,1,x,x,1,1,1
Barium hydroxide,Ba(HO) · 012230-71-6 · aqueous,1,1,1,3,x,x,2,1,x,x,x,x,x,x,1,1,1
Barium sulfide,BaS · 021109-95-5 · saturated,1,1,1,2,2,1,2,1,x,1,1,1,x,x,1,1,2
Battery acid,H SO · 007664-93-9 · 38 %,1,1,4,1,4,1,4,1,1,1,1,3,x,1,1,1,1
Beef tallow,— · 061789-97-7,x,x,1,1,1,x,1,1,1,x,x,x,x,x,1,1,1
Beef tallow emulsion,— · — · sulfonated,1,x,2,2,x,x,x,1,x,x,1,x,1,x,1,1,1
Beer,— · —,1,1,1,1,1,1,1,1,1,x,1,1,x,1,1,1,1
Beeswax,— · 008012-89-3,1,1,1,1,1,x,1,1,x,x,x,x,x,1,1,1,1
Benzaldehyde,C H O · 000100-52-7,1,3,3,4,4,1,1,1,4,3,4,4,1,1,1,1,1
Benzene,C H · 000071-43-2,3,3,2,4,4,2,1,3,4,4,4,x,x,1,1,1,1
Benzenesulfonic acid,C H SO · 000098-11-3 · saturated,1,1,4,3,4,x,4,2,x,1,2,x,x,x,1,1,1
Benzoic acid,C H O · 000065-85-0 · saturated,1,1,3,4,1,1,2,1,2,3,1,1,1,1,1,1,1
Benzoic acid,C H O · 000065-85-0 · aqueous,1,1,3,4,1,x,2,1,x,x,x,x,x,1,1,1,1
Benzoyl chloride,C H ClO · 000098-88-4 · 100 %,x,3,4,4,x,4,3,3,x,x,x,x,x,x,x,1,1
Benzyl acetate,C H O · 000140-11-4,1,1,2,3,x,1,2,1,4,4,4,x,4,1,1,1,3
Benzyl alcohol,C H O · 000100-51-6,3,4,4,4,x,4,1,4,4,4,2,x,4,1,1,1,1
Benzyl benzoate,C 14 H 12 O 2 · 000120-51-4,x,x,2,3,x,3,2,3,x,x,x,x,x,x,x,1,2
Benzyl chloride,C 7 H 7 Cl · 000100-44-7 · 100 %,x,4,1,4,x,4,2,4,4,4,4,4,x,x,1,1,3
Benzyl ether,C 14 H 14 O · 000103-50-4,x,x,2,3,x,x,1,3,x,x,x,x,x,x,1,1,2
Bismuth chloride,BiCl 3 · 007787-60-2,1,1,3,2,2,x,4,1,x,x,x,x,1,x,1,1,2
"Bismuth nitrate, basic",Bi 5 O(HO) 9 (NO 3 ) 4 · 001304-85-4,1,1,3,2,2,x,2,1,x,x,x,x,1,x,1,1,2
Bisulfite solution,NaHSO 3 · ??,1,1,3,3,x,x,4,1,x,x,x,x,x,x,1,1,1
"Bisulfite solution, containing S0 2",NaHSO 3 · ?? · saturated,1,1,3,3,x,x,4,1,x,x,1,x,x,x,1,1,1
Bitter almond oil,C 7 H 6 O · 090320-35-7,1,3,3,4,4,1,1,1,4,3,4,4,1,1,1,1,1
Bitumen,— · 008052-42-4,x,x,1,2,2,x,2,1,x,x,x,x,x,x,1,1,2
Bone oil,— · 008001-85-2,x,x,1,2,1,x,2,1,1,x,x,x,1,x,1,1,1
Boric acid,H 3 BO 3 · 010043-35-3 · 10 %,1,1,1,1,1,1,2,1,1,1,1,1,1,1,1,1,1
Boric acid,H 3 BO 3 · 010043-35-3 · aqueous,1,1,3,1,1,x,2,1,x,x,x,x,x,1,1,1,1
Brake fluid,— · —,1,1,1,4,x,1,3,1,3,x,1,3,4,x,1,1,3
Bromic acid,HBrO 3 · 007789-31-3 · concentrated,x,x,4,4,4,x,4,3,x,x,x,x,x,x,x,1,2
Bromine,Br 2 · 007726-95-6,4,4,4,4,4,4,4,4,4,4,2,4,4,1,1,1,1
Bromine pentafluoride,BrF 5 · 007789-30-2,x,x,4,4,4,4,4,3,x,x,x,x,x,x,x,2,3
Bromine steams,Br 2 · 007726-95-6,4,4,4,3,4,4,4,4,x,x,x,x,x,x,1,1,1
Bromine trifluoride,BrF 3 · 007787-71-5,x,x,4,4,4,4,4,3,x,x,x,x,x,x,x,2,3
Bromine water,Br 2 +H 2 O · 007726-95-6 · saturated,4,4,4,4,4,4,4,4,4,x,3,x,x,x,x,1,1
Bromobenzene,C 6 H 5 Br · 000108-86-1,3,4,1,4,2,4,1,4,4,4,4,x,x,2,1,1,1
Bromochloromethane,CH 2 BrCl · 000074-97-5 · 100 %,4,4,4,4,1,4,3,4,4,x,4,4,4,x,1,1,3
Bromotrifluoromethane,CBrF 3 · 000075-63-8,x,x,1,3,x,x,1,3,x,x,x,x,x,x,x,1,x
"Butadiene, 1,3-",C 4 H 6 · 000106-99-0,3,4,1,4,1,4,2,4,4,4,3,x,x,1,1,1,1
Butane,4 10 · 000106-97-8 · techn. pure,1,1,1,1,1,1,2,1,4,1,1,3,1,x,1,1,1
Butanetriol,C H O · — · 100 %,4,1,1,2,2,x,1,1,x,x,3,4,x,x,1,1,1
Butene,C H · — · techn. pure,4,x,1,1,1,x,1,4,x,x,1,x,x,x,1,1,1
"Butyl acetate, normal",C H O · 000123-86-4 · 100 %,2,2,1,4,3,3,2,3,4,4,4,4,4,1,1,1,1
Butyl acrylate,C H O · 000141-32-2 · 100 %,1,2,2,4,1,2,2,3,4,4,4,4,4,1,1,1,1
"Butyl alcohol, normal",C H O · 000071-36-3 · techn. pure,1,1,1,2,1,1,1,1,1,2,2,4,1,1,1,1,1
"Butyl alcohol, sec-",C H O · 000078-92-2,1,1,1,2,1,1,1,1,2,2,2,x,x,1,1,1,1
"Butyl alcohol, tert-",C H O · 000075-65-0,1,1,1,2,1,1,1,1,1,2,1,x,x,1,1,1,1
"Butyl ether, (Di-) n-",C H O · 000142-96-1 · techn. pure,3,1,2,3,1,4,1,3,x,3,4,x,x,x,1,1,1
Butyl stearate,C H O · 000123-95-5 · 100 %,x,x,1,3,1,x,2,2,x,x,1,1,x,x,1,1,1
Butylamine,C H N · 000109-73-9,x,x,x,3,x,x,3,2,x,x,x,x,x,x,1,1,2
Butylene glycol,C H O · — · techn. pure,1,1,1,1,1,x,1,1,x,x,1,x,x,x,1,1,1
Butylphenol,C H O · — · 100 %,x,1,3,3,x,3,4,1,x,x,3,4,x,x,1,1,1
"Butylphenol, p-tert",C H NO · 000098-54-4 · techn. pure,3,x,3,3,x,3,4,1,x,x,3,x,x,x,1,1,1
Butyraldehyde,C H O · 000123-72-8,x,x,3,3,x,4,2,2,x,x,x,x,x,x,1,2,3
Butyric acid,C H O · 000107-92-6,3,4,3,4,x,4,4,4,4,2,2,4,4,1,1,1,1
Cadmium bromide,CdBr · 007789-42-6,1,1,3,2,2,x,3,1,1,x,x,x,1,x,1,1,1
Calcium bicarbonate,Ca(HCO ) · — · saturated,1,1,1,1,1,x,1,1,x,x,1,1,x,1,1,1,1
Calcium bisulfite,Ca(HSO ) · 013780-03-5 · saturated,1,1,3,2,x,x,4,1,x,x,1,x,x,x,1,1,1
Calcium bisulfite,Ca(HSO ) · 013780-03-5 · aqueous,1,1,3,2,x,x,4,1,x,x,x,x,x,x,1,1,1
Calcium bromide,CaBr · 007789-41-5,1,1,2,1,2,x,3,1,1,x,x,x,1,1,1,1,1
Calcium carbide,CaC 2 · 000075-20-7,1,1,2,2,x,x,2,1,x,x,x,x,x,x,1,1,1
Calcium carbonate,CaCO 3 · 000471-34-1 · saturated,1,1,1,1,1,1,1,1,1,1,1,1,1,1,1,1,1
Calcium chlorate,Ca(ClO 3 ) 2 · 010137-74-3 · saturated,x,x,3,2,x,1,3,1,x,x,x,x,x,x,1,1,1
Calcium chloride,CaCl 2 · 010043-52-4 · alkoholic,1,x,4,2,x,1,3,1,x,x,x,4,x,x,1,1,1
Calcium chloride,CaCl 2 · 010043-52-4 · aqueous,1,1,1,1,1,1,3,1,1,1,1,1,1,1,1,1,1
Calcium hydroxyde,CaH 2 O 2 · 001305-62-0 · aqueous,1,1,1,4,1,1,1,1,1,x,x,x,x,1,1,1,1
Calcium hydroxyde,CaH 2 O 2 · 001305-62-0 · concentrated,1,1,1,4,1,1,1,1,2,2,1,1,x,1,1,1,1
Calcium hypochlorite,Ca(OCl) 2 · 007778-54-3 · saturated,1,1,1,3,3,1,1,1,2,1,2,3,1,1,1,1,1
Calcium hypochlorite,Ca(OCl) 2 · 007778-54-3 · aqueous,x,x,4,1,3,x,1,1,1,x,x,x,x,x,1,1,1
Calcium nitrate,Ca(NO 3 ) 2 · 010124-37-5 · 50 %,1,1,2,1,2,1,3,1,1,x,1,1,x,x,1,1,1
Calcium nitrate,Ca(NO 3 ) 2 · 010124-37-5 · aqueous,1,1,2,1,2,x,3,1,x,x,x,x,x,x,1,1,1
Calcium oxide,CaO · 001305-78-8 · powder,1,1,2,2,2,x,x,1,1,x,1,1,1,1,1,1,1
Calcium phosphate,Ca 3 (PO 4 ) 2 · 007758-87-4 · aqueous,1,1,1,1,1,1,1,1,1,1,1,1,1,1,1,1,1
Calcium phosphate,Ca 3 (PO 4 ) 2 · 007758-87-4,1,1,1,1,1,1,1,1,1,1,1,1,1,1,1,1,1
Calcium sulfate,CaSO 4 · 007778-18-9 · saturated,1,1,1,1,1,1,1,1,1,1,1,1,x,1,1,1,1
Calcium sulfide,CaS · 020548-54-3 · aqueous,x,x,2,2,x,x,1,1,x,x,x,x,x,x,1,1,1
Calcium sulfide,CaS · 020548-54-3,x,3,2,2,x,x,1,1,x,x,1,x,x,x,1,1,1
Calciumacetat,C 4 H 6 CaO 4 · 000062-54-4 · aqueous,1,1,2,1,2,x,1,1,x,x,x,x,x,1,1,1,1
Camphor,C 10 H 16 O · 000464-48-2 / -49-2,3,3,2,3,x,x,2,1,1,x,4,4,1,x,1,1,3
Camphor oil,— · 008008-51-3,4,4,2,3,x,x,2,4,x,x,4,4,x,x,1,2,3
Caprylic alcohol,C 8 H 18 O · 000111-87-5,x,x,2,2,1,x,2,2,x,x,x,x,1,x,1,1,1
Caraway,— · — · ground,x,x,2,2,1,x,1,2,4,x,x,x,1,x,1,1,1
Carbazole,C 12 H 9 N · 000086-74-8,1,1,2,4,x,1,1,1,1,4,4,x,4,1,1,2,2
Carbolineum,— · 008001-58-9 · aqueous,1,1,1,3,1,x,1,1,x,x,1,x,x,x,1,1,2
Carbon dioxide,2 · 000124-38-9 · saturated,1,1,1,1,1,1,1,1,1,1,1,1,x,x,1,1,1
"Carbon dioxide, damp",2 · 000124-38-9 · techn. pure,1,1,1,1,1,x,1,1,x,x,1,x,1,x,1,1,1
"Carbon dioxide, dry",CO · 000124-38-9 · techn. pure,1,1,1,1,1,x,1,1,x,x,1,x,1,x,1,1,1
Carbon disulfide,CS · 000075-15-0,4,4,3,4,x,4,2,4,4,4,4,4,4,1,1,1,1
Carbon tetrabromide,CBr · 000558-13-4,x,x,3,4,x,x,3,3,4,x,x,x,x,x,1,1,2
Carbon tetrachloride (TETRA),CCl · 000056-23-5,4,4,4,4,1,4,2,4,4,4,4,4,4,1,1,1,1
Carnauba wax,— · 008015-86-9,1,1,1,1,1,x,1,1,x,x,x,x,1,x,1,1,1
Castor oil,— · 008001-79-4 · 100 %,1,1,1,1,1,1,2,1,1,x,1,3,1,x,1,1,1
Cedar wood oil,— · 008000-27-9,3,4,2,2,x,4,2,4,4,3,3,x,x,1,1,1,2
Cesium bromide,CsBr · 007787-69-1,1,1,2,2,2,x,1,1,x,x,x,x,1,1,1,1,1
Cetyl alcohol,C H O · 036653-82-4 · 100 %,1,1,4,2,1,x,1,1,x,1,1,3,1,1,1,1,1
Chalk,CaCO · —,1,1,1,1,1,1,1,1,1,1,1,1,1,1,1,1,1
Chloral hydrate,C H Cl O · 000302-17-0 · techn. pure,3,3,4,3,4,x,3,3,x,x,4,4,x,x,1,1,4
Chloramine-T,C H ClNaNSO · 000127-65-1 · diluted,1,1,4,1,x,x,3,3,x,x,x,1,x,x,1,1,3
Chloric acid,HClO · 007790-93-4 · 1 %,x,1,4,3,x,x,3,1,x,x,1,1,x,x,x,1,1
Chloric acid,HClO · 007790-93-4 · 10 %,1,x,4,3,x,x,4,4,x,x,1,x,x,x,x,1,1
Chloric acid,HClO · 007790-93-4 · 20 %,3,1,4,3,4,x,4,1,x,x,1,x,x,x,x,1,1
Chlorine,Cl · 007782-50-5 · 10 % wet,3,3,4,2,4,2,4,4,4,4,1,x,4,1,1,1,2
Chlorine,Cl · 007782-50-5 · 97 %,4,4,4,4,4,4,4,4,4,4,4,4,4,x,1,1,1
Chlorine,Cl · 007782-50-5 · steam,4,4,4,4,4,4,4,4,4,4,4,4,4,x,1,1,1
Chlorine dioxide,ClO · 010049-04-4,x,x,4,3,x,x,3,3,x,x,x,x,x,x,x,1,2
Chlorine trifluoride,ClF · 007790-91-2,x,x,4,4,4,4,4,4,x,x,x,x,x,x,x,2,4
Chlorine water,Cl x H O · 007782-50-5,3,x,4,4,4,4,4,3,4,x,3,3,3,1,1,1,1
"Chloro acetophenone, p-",C 8 H 7 ClO · 000099-91-2,1,1,2,4,x,1,2,1,4,4,4,x,x,1,1,2,2
Chloroacetic acid,C 2 H 3 ClO 2 · 000079-11-8 · 50 %,1,1,4,4,4,x,4,1,x,x,1,x,3,x,1,1,1
Chloroacetic acid,C 2 H 3 ClO 2 · 000079-11-8,1,1,4,3,4,1,4,1,2,4,3,4,3,1,1,1,4
Chloroacetone,C 3 H 5 ClO · 000078-95-5,x,x,3,4,4,4,3,2,x,x,x,x,x,x,x,2,3
Chlorobenzene,C 6 H 5 Cl · 000108-90-7,3,3,4,4,1,4,1,3,4,4,4,4,4,1,1,1,1
Chlorodifluoroethane,C H ClF · 000075-68-3,x,x,1,3,x,x,1,3,x,x,x,x,x,x,x,1,x
Chlorodifluoromethane,CHClF · 000075-45-6,x,3,1,3,1,x,1,4,4,4,2,4,x,x,3,1,3
"Chloroethyl alcohol, 2-",C H ClO · 000107-07-3 · techn. pure,1,x,4,4,x,x,3,4,x,x,4,x,x,x,1,1,1
Chlorofluorocarbons (CFC),— · —,x,x,2,3,x,x,1,3,4,x,x,x,x,x,x,1,3
Chlorofluoromethane,CH ClF · 000593-70-4,x,x,1,3,x,x,1,3,x,x,x,x,x,x,x,1,x
Chloroform,CHCl · 000067-66-3 · 100 %,3,4,3,4,4,4,4,3,4,4,4,4,4,2,1,1,1
"Chloronaphthalene, 1-",C H Cl · 000090-13-1,x,x,2,3,x,x,2,4,x,x,x,x,x,x,1,1,1
Chloropentafluoroethane,C ClF · 000076-15-3,x,x,1,3,x,x,1,3,x,x,x,x,x,x,x,1,x
Chloroprene,C H Cl · 000126-99-8,x,x,2,3,x,4,2,3,x,x,x,x,x,x,1,1,2
Chlorosulfonic acid,ClHSO · 007790-94-5 · techn. pure,4,4,4,4,4,4,4,4,4,4,3,4,4,x,x,1,3
Chlorotoluene,C H Cl · —,x,x,2,4,x,4,1,3,x,x,x,x,x,x,1,1,1
Chlorotrifluoromethane,CClF 3 · 000075-72-9,x,x,1,3,x,x,1,3,x,x,x,x,x,x,x,1,x
Chromic acid,CrO 3 · 001333-82-0 · 10 %,1,1,4,2,3,1,4,1,1,4,1,x,x,1,1,1,1
Chromic acid,CrO 3 · 001333-82-0 · 20 %,x,1,4,3,4,x,4,3,1,1,1,1,x,x,1,1,1
Chromic acid,CrO 3 · 001333-82-0 · 50 %,3,3,4,3,4,2,4,3,3,4,1,1,3,1,1,1,1
Chromic potassium sulfate,KCr(SO 4 ) 2 x 12H 2 O · 007788-99-0 · saturated,1,x,2,1,2,x,3,1,x,x,1,x,x,1,1,1,1
Chromic-sulfuric acid,CrO 3 + H 2 SO 4 · 065272-71-1 · concentrated,4,4,4,4,4,4,4,4,4,x,x,4,4,1,x,1,4
Chromium salts,— · — · each,x,x,x,2,2,x,3,1,x,x,x,x,x,x,1,1,1
Cinnamaldehyde,C 9 H 8 O · 000104-55-2,x,x,2,3,x,4,2,3,4,x,x,x,4,x,1,1,2
Cinnamon,— · — · ground,x,x,2,1,2,x,2,2,3,x,x,x,1,x,1,1,1
Citric acid,C H O · 000077-92-9 · 10 %,1,1,1,1,1,1,2,1,1,1,1,1,1,1,1,1,1
Citric acid,C H O · 000077-92-9 · 50 %,1,1,3,1,x,1,2,1,1,x,x,x,x,x,1,1,1
Citric acid,C H O · 000077-92-9 · saturated,1,1,3,1,x,1,2,1,1,x,1,1,x,x,1,1,1
Citrus juices,— · — · aqueous,1,1,1,1,1,x,1,1,x,x,1,1,x,x,1,1,1
Cleaning agents,— · —,1,1,1,1,1,x,x,1,x,x,1,x,x,x,1,1,1
Clophen A60,— · 011096-82-5,x,x,1,3,x,x,2,4,x,x,4,x,x,x,x,1,2
"Coal gas, without benzene",— · —,1,1,1,1,2,1,2,1,1,x,1,1,x,x,1,1,1
Cobalt dichloride,CoCl · 007646-79-9 · aqueous,1,1,2,2,2,x,2,1,x,x,x,x,x,x,1,1,1
Cocoa,— · —,1,1,2,1,2,x,1,2,1,x,x,x,x,1,1,1,1
Cocoa butter,— · 008002-31-1,x,x,1,1,1,x,1,2,x,x,x,x,x,x,x,1,1
Coconut butter,— · —,x,x,1,2,1,x,2,2,1,x,x,x,1,x,1,1,1
Coconut fatty alcohol,— · 068425-37-6 · techn. pure,1,x,1,2,1,x,2,1,x,x,1,x,x,x,1,1,1
Coconut oil,— · 008001-31-8 · techn. pure,1,1,1,2,1,x,2,1,x,x,1,x,x,x,1,1,1
Cod-liver oil,— · 008001-69-2,1,1,2,1,2,x,2,1,1,x,1,x,1,x,1,1,1
Colza oil,— · 008002-13-9,x,x,2,2,1,x,2,1,x,x,x,x,x,x,1,1,1
Compressed air,— · — · oleagineus,1,x,2,2,1,x,1,3,x,x,3,x,x,x,1,1,1
Copper acetate,C H CuO · 004180-12-5 · aqueous,1,1,3,2,2,x,2,1,x,x,x,x,x,x,1,1,1
Copper sulfate,CuSO x 5H O · 007758-99-8 · aqueous,1,1,1,1,2,1,1,1,1,1,1,1,1,1,1,1,1
Cotton oil,— · 008001-29-4 · techn. pure,x,x,1,2,2,x,2,1,x,x,x,x,x,x,1,1,1
Creosote,— · —,1,1,3,3,x,x,3,3,x,1,3,4,x,x,1,1,3
Cresol (-mixtures),C 7 H 8 O · 001319-77-3,3,4,4,4,4,4,4,2,4,4,4,4,3,1,1,1,1
Crotonaldehyde,C 4 H 6 O · 004170-30-3 · techn. pure,1,x,2,4,x,4,2,1,x,x,4,x,x,x,1,1,1
Crude oil,— · — · 100 %,x,1,1,3,1,x,1,1,3,1,1,3,x,x,1,1,1
Cumene,C 9 H 12 · 000098-82-8,2,3,2,4,x,4,2,3,4,4,4,x,x,1,1,1,2
Cupric chloride,CuCl 2 · 007447-39-4 · saturated,1,1,3,1,2,1,2,1,x,x,1,1,x,x,1,1,1
Cupric nitrate,Cu(NO 3 ) 2 · 003251-23-8 · saturated,1,1,1,2,2,1,1,1,1,x,1,1,x,x,1,1,1
Cupric nitrate,Cu(NO 3 ) 2 · 003251-23-8 · aqueous,x,x,3,2,2,x,1,1,x,x,x,x,x,x,1,1,1
Cuprous chloride,CuCl · 007758-89-6 · aqueous,x,x,3,2,2,x,2,1,x,x,x,x,x,x,1,1,1
Cuprous cyanide,CCuN · 000544-92-3 · saturated,1,1,2,2,2,x,1,1,x,x,1,1,x,x,1,1,1
Curry,— · —,x,x,2,2,2,x,1,2,3,x,x,x,1,x,1,1,1
Cyclanon,— · —,1,1,1,2,1,x,1,1,x,x,x,x,x,x,1,1,1
Cyclohexane,C 6 H 12 · 000110-82-7,3,3,1,3,1,4,1,3,4,4,2,1,1,1,1,1,1
Cyclohexanol,C 6 H 12 O · 000108-93-0 · techn. pure,1,1,1,3,x,1,1,1,3,1,1,4,1,x,1,1,1
Cyclohexanone,C 6 H 10 O · 000108-94-1 · techn. pure,1,3,1,4,4,3,1,2,4,4,4,4,4,x,1,1,1
"Cymene, p-",C 10 H 14 · 000099-87-6,x,x,2,4,x,4,2,3,4,x,x,x,x,x,1,1,2
DDT (emulsion),C 14 H 9 Cl 5 · 000050-29-3,x,x,2,3,x,x,2,1,x,x,x,x,4,x,1,1,2
Decahydronaphthalene,C 10 H 18 · 000091-17-8,1,3,1,4,3,4,1,3,4,4,1,3,3,1,1,1,1
Decane,C 10 H 22 · 000124-18-5,x,x,1,2,1,3,1,3,x,x,x,x,x,x,1,1,1
Dehydroacetic acid,C 8 H 8 O 4 · 000520-45-6,x,x,3,2,x,x,3,2,x,x,x,x,1,x,1,1,1
Densodrin W,— · — · aqueous,x,x,x,x,x,x,x,x,x,x,1,x,x,x,1,1,1
Desiccator fat,— · —,x,1,1,2,1,x,1,2,x,x,x,x,x,x,1,1,1
Desmodur 44,15 10 2 2 · 000101-68-8,x,x,x,3,x,x,2,2,x,x,x,x,x,x,1,1,2
Developer for fotos,— · —,1,1,4,2,1,x,1,1,x,1,1,1,x,x,1,1,1
Developer liquids,— · —,1,1,4,1,1,x,1,1,x,1,1,1,x,x,x,1,1
Dextrin,(C H O ) x H O · 009004-53-9 · aqueous,1,1,1,1,1,1,1,1,1,1,1,1,1,1,1,1,1
Diacetone alcohol,C H O · 000123-42-2,x,x,3,3,x,x,1,2,x,x,x,x,4,x,1,1,2
Diamyl phthalate,C H O · 000131-18-0 · 100 %,x,1,1,4,x,x,2,2,4,x,x,x,x,x,1,1,2
Dibenzyl sebacate,C H O · ??,x,x,2,3,x,x,2,3,x,x,x,x,x,x,1,1,2
Dibromotetrafluoroethane,C Br F · 000124-73-2,x,x,1,3,x,x,1,3,x,x,x,x,x,x,x,1,x
"Dibutyl phthalate, n-","C H O · 000084-74-2 · FR, 80°C",x,x,x,x,x,x,x,x,x,x,x,x,x,x,x,1,x
"Dibutyl phthalate, n-",C H O · 000084-74-2,1,3,1,4,1,x,1,2,4,1,4,4,x,1,1,1,1
Dibutyl sebacate,C H O · 000109-43-3 · techn. pure,1,1,1,3,x,x,2,1,4,x,4,4,4,x,1,1,1
Dibutylamine,C H N · 000111-92-2,x,x,2,3,x,3,2,2,x,x,x,x,x,x,1,1,2
Dichloroacetic acid,C H Cl O · 000079-43-6 · 50 %,1,1,4,4,4,x,4,1,x,x,1,x,x,x,1,1,1
Dichloroacetic acid,C H Cl O · 000079-43-6 · techn. pure,1,3,4,4,4,x,4,1,x,x,1,x,x,x,1,1,1
"Dichlorobenzene, 1,2-",C H Cl · 000095-50-1,3,3,1,4,x,3,2,3,4,4,4,4,4,1,1,1,1
"Dichlorobenzene, 1,4-",C H Cl · 000106-46-7,2,3,1,4,x,2,2,3,4,4,4,x,x,1,1,1,1
Dichlorodifluoromethane,CCl F · 000075-71-8 · techn. pure,4,3,1,4,x,x,1,4,4,1,2,4,3,x,3,1,3
Dichlorodifluoromethane,CCl F · 000075-71-8,4,3,1,4,x,x,1,4,4,1,2,4,3,x,3,1,3
Dichloroethane,C H Cl · —,3,2,3,4,4,4,1,3,4,4,4,4,4,1,1,1,1
Dichloroethylene,C H Cl · — · techn. pure,4,4,3,4,4,4,4,3,4,x,4,4,x,x,1,1,1
Dichlorofluoromethane,CHCl F · 000075-43-4 · 100 %,x,3,1,3,x,x,1,4,4,3,4,4,3,x,3,1,3
Dichlorohexafluorocyclobutane,C Cl F · 000356-18-3,x,x,1,3,x,x,1,3,x,x,x,x,x,x,x,1,x
Dichloroisopropyl ether,C H Cl O · —,4,4,2,3,x,4,3,3,x,x,x,x,x,x,1,1,3
Dichloropropane,C H Cl · — · 100 %,x,x,3,x,4,4,2,4,4,x,x,x,4,x,1,1,2
Dichlorotetrafluoroethane,C Cl F · 000076-14-2,x,x,1,3,x,x,1,3,x,x,x,x,x,x,x,1,x
Dicyclohexyl phthalate,C 20 H 26 O 4 · 000084-61-7 · techn. pure,x,x,1,3,x,x,2,1,x,x,x,x,x,x,1,1,x
Dicyclohexylamine (DCHA),C 12 H 23 N · 000101-83-7,x,x,2,3,x,x,2,2,x,x,x,x,x,x,1,1,2
Diesel fuel,— · —,1,x,1,3,1,x,1,1,x,x,1,x,x,x,1,1,1
Diesel fuel for heating,— · —,3,3,1,3,1,2,1,1,3,1,1,3,1,1,1,1,1
Diesel oil,— · 068334-30-5 · 100 %,1,1,1,3,1,x,1,1,3,x,1,3,1,x,1,1,1
Diethanolamine (DEA),C 4 H 11 NO 2 · 000111-42-2 · 100 %,x,1,2,3,x,x,2,1,1,x,x,x,1,x,1,1,1
Diethyl ethyl,C 4 H 10 O · 000060-29-7 · techn. pure,3,4,1,4,1,4,1,4,4,4,4,4,4,1,1,1,1
Diethyl malonate,C 7 H 12 O 4 · 000105-53-3,1,1,2,3,x,1,2,1,4,3,2,x,x,1,1,1,3
Diethyl sebacate,C 14 H 26 O 4 · 000110-40-7,x,x,2,3,x,x,2,2,x,x,x,x,x,x,1,1,2
Diethyl succinate,C 8 H 14 O 4 · 000123-25-1,x,x,2,4,x,x,3,2,x,x,x,x,x,x,1,1,2
Diethylamine,C 4 H 11 N · 000109-89-7 · techn. pure,x,x,2,3,x,x,2,1,x,x,3,x,x,x,1,1,1
Diethylbenzene,C 10 H 14 · 000135-01-3,3,4,1,3,x,4,2,4,4,4,4,x,x,1,1,1,2
Diethylene glycol,C 4 H 10 O 3 · 000111-46-6,1,1,3,2,x,1,2,1,2,2,3,x,1,1,1,1,2
Diethylene glycolether,— · —,1,1,3,3,x,1,2,1,4,3,3,x,x,1,1,1,2
Difluoroethane,C 2 H 2 F 2 · 000075-37-6,x,x,1,3,x,x,1,3,x,x,x,x,x,x,x,1,x
Difluoromethane,CH 2 F 2 · 000075-10-5,x,x,1,3,x,x,1,3,x,x,x,x,x,x,x,1,x
Diglycolic acid,C 4 H 6 O 5 · 000110-99-6 · aqueous,1,1,3,2,x,x,3,1,x,x,x,x,x,x,1,1,1
Diglycolic acid,C 4 H 6 O 5 · 000110-99-6 · 30 %,1,1,3,1,2,x,3,1,x,x,1,x,x,x,1,1,1
Diisobutyl ketone,C 9 H 18 O · 000108-83-8 · techn. pure,1,1,3,3,4,4,1,1,x,x,4,x,x,x,1,1,1
Diisobutylene (DIB),C 6 H 10 · 025167-70-8,x,x,1,3,2,4,1,1,x,x,x,x,x,x,1,1,x
Diisopropyl ether,C 6 H 14 O · 000108-20-3 · techn. pure,3,3,4,4,1,4,1,3,4,1,4,4,x,x,1,1,1
Di-isopropyl ketone,C 7 H 14 O · 000565-80-0,x,x,3,3,4,x,1,3,x,x,x,x,x,x,1,1,2
Dimethyl ether,2 6 · 000115-10-6 · gas,x,3,1,3,1,x,2,4,4,x,3,4,x,x,x,1,3
Dimethyl formamide (DMF),3 7 · 000068-12-2,1,1,1,4,1,1,1,1,4,4,3,x,4,2,1,1,4
Dimethyl phthalate (DMP),C H O · 000131-11-3 · 100 %,4,1,2,4,x,x,2,2,4,x,4,4,4,x,1,1,2
Dimethyl sulfoxide (DMSO),C H SO · 000067-68-5,1,1,2,4,x,1,1,1,1,4,4,x,x,1,1,1,3
Dimethylamine,C H N · 000124-40-3 · techn. pure,1,1,1,4,x,x,2,1,x,x,3,4,x,x,1,1,3
Dinitro ethylene glycol,C H (NO ) · 000628-96-6 · diluted,x,x,3,3,x,x,2,2,x,x,4,4,x,x,1,1,3
Dinonyl phthalate (DNP),C H O · 000084-76-4 · techn. pure,3,x,2,3,x,x,2,1,x,x,4,x,x,x,1,1,2
Dioctyl adipate,C H O · 000103-23-1,x,x,2,3,x,x,2,4,x,x,x,x,x,x,1,1,2
Dioctyl phthalate (DOP),C H O · 000117-81-7 · techn. pure,4,4,1,4,1,1,2,4,4,1,4,4,x,x,1,1,2
Dioctyl sebacate,C H O · 002432-87-3,x,x,2,3,x,x,2,3,x,x,x,x,x,x,1,1,2
Dioxane,C H O · 000123-91-1,2,2,1,4,1,2,1,3,4,2,3,4,4,1,1,1,3
Diphenyl ether,C H O · 000101-84-8,x,1,3,3,4,x,1,4,4,x,x,4,4,x,1,1,2
Diphenylamine,C H N · 000122-39-4,x,x,x,3,x,x,2,3,x,x,x,x,4,x,1,1,2
Diphyl,— · 008004-13-5,x,x,1,3,4,x,1,4,4,x,x,x,x,x,1,1,2
Dipropyl ketone,C H O · 000123-19-3,x,x,3,4,4,4,1,3,x,x,x,x,x,x,1,1,2
Dipropylene glycol,C H O · 025265-71-8,1,1,2,2,x,1,1,1,1,2,2,x,x,1,1,1,2
Dipropylene glycol (mono)methyl ether,C H O · —,x,x,3,3,x,x,2,2,x,x,x,x,4,x,1,1,2
Disodium phosphate,Na HPO · 007558-79-4,1,1,1,2,1,x,1,1,x,x,x,x,x,1,1,1,1
Dispersion of rubber,— · —,x,x,1,2,2,x,2,1,x,x,x,x,x,x,1,1,1
"Dope, viscous ~",— · —,1,1,4,3,x,x,x,1,x,x,1,1,x,x,1,1,1
Emulsifiers,— · —,x,x,2,x,x,x,x,1,x,x,x,x,x,x,1,1,1
Emulsions for fotos,— · —,1,x,1,2,2,x,1,1,x,x,1,x,x,x,1,1,1
Ephetin,— · — · 10% in water,x,x,x,x,x,x,x,1,x,x,x,x,x,x,x,x,x
Epichlorhydrin,C H ClO · 000106-89-8 · 100 %,1,1,4,4,x,4,1,2,x,x,4,4,x,x,1,1,3
Ethoxybenzene,C 8 H 10 O · 000103-73-1,x,x,2,4,x,3,2,3,x,x,x,x,x,x,1,1,2
Ethyl acetate,C 4 H 8 O 2 · 000141-78-6 · 100 %,1,3,1,4,4,4,1,1,4,4,4,4,4,1,1,1,3
Ethyl acrylate,C 5 H 8 O 2 · 000140-88-5 · 100 %,4,4,1,4,4,4,2,4,x,x,4,4,x,x,1,1,3
Ethyl alcohol,C 2 H 6 O · 000064-17-5 · 40 %,1,1,1,1,1,1,1,1,2,1,1,x,1,1,1,1,1
Ethyl alcohol,C 2 H 6 O · 000064-17-5 · 50 %,1,1,1,1,1,1,1,1,1,1,1,3,x,x,1,1,1
Ethyl alcohol,C 2 H 6 O · 000064-17-5 · 96 %,1,1,1,1,1,1,1,1,3,1,1,3,1,1,1,1,1
Ethyl benzoate,C 9 H 10 O 2 · 000093-89-0,2,3,2,4,x,2,2,2,4,4,4,x,4,1,1,1,3
Ethyl butyrate,C 6 H 12 O 2 · 000105-54-4,2,2,2,4,x,3,2,2,4,4,4,x,x,1,1,1,2
Ethyl chloroacetate,C 4 H 7 ClO 2 · 000105-39-5 · techn. pure,1,1,3,4,4,4,3,1,4,x,3,3,x,x,1,1,1
Ethyl cyanoacetate,C 5 H 7 NO 2 · 000105-56-6,1,1,x,3,x,1,2,1,2,3,3,x,x,1,1,1,3
Ethyl formate,C 3 H 6 O 2 · 000109-94-4,x,x,x,4,x,4,2,2,x,x,x,x,x,x,1,1,3
Ethyl lactate,C 5 H 10 O 3 · 000097-64-3,1,1,2,3,x,1,2,1,3,3,3,x,x,1,1,1,3
Ethyl mercaptan,C 2 H 6 S · 000075-08-1,x,x,2,3,x,x,2,2,x,x,x,x,x,x,1,1,2
Ethyl silicate,C 8 H 20 SiO 4 · 000078-10-4,x,x,2,3,x,x,2,2,x,x,x,x,x,x,1,1,2
Ethylbenzene,C 8 H 10 · 000100-41-4,2,3,2,4,x,3,1,3,4,4,4,4,4,2,1,1,1
Ethylene,C 2 H 4 · 000074-85-1,x,x,1,2,x,x,1,2,x,x,x,x,x,x,1,1,2
Ethylene dibromiden (EDB),2 4 2 · 000106-93-4,4,4,2,4,4,4,2,4,4,x,x,x,x,x,1,1,1
Ethylene glycol,2 6 2 · 000107-21-1,1,1,3,2,1,1,1,1,1,1,1,3,1,1,1,1,1
Ethylene glycol monobutyl ether,4 14 2 · 000111-76-2 · 100 %,x,1,1,2,1,x,1,1,x,x,4,4,x,x,1,1,1
Ethylene glycol monoethyl ether,C H O · 000110-80-5 · 100 %,x,4,3,2,x,x,1,2,4,1,4,4,4,x,1,1,1
Ethylene glycol monoethyl ether acetate,C H O · 000115-15-9,1,1,x,3,x,1,2,1,4,4,3,x,x,1,1,1,2
Ethylene glycol monomethyl ether,C H O · 000109-86-4 · 100 %,1,1,1,3,x,1,1,1,4,3,3,4,x,1,1,1,1
Ethylene glycol monomethyl ether oleate,C H O · 000111-10-4,1,1,2,3,2,1,2,1,4,4,4,x,x,1,1,1,1
Ethylenediaminetetraacetic acid (EDTA),C H N O · 000060-00-4,1,1,2,2,2,x,1,1,x,x,x,x,x,1,1,1,1
Ethylhexanol-1,C H O · 000104-76-7,x,1,2,2,1,1,1,1,3,x,1,4,x,x,1,1,1
Eucalyptus oil,— · 008000-48-8,x,x,2,3,x,x,2,2,4,x,x,x,3,x,1,1,2
"Exhaust gases, alkaline",— · —,1,x,2,x,x,x,1,1,x,x,1,x,x,x,x,1,1
"Exhaust gases, containing carbon dioxide",— · — · small,1,x,1,1,1,1,1,1,1,1,1,1,1,1,1,1,1
"Exhaust gases, containing hydrochloric acid",— · — · each,1,x,3,x,x,x,4,1,x,x,1,x,x,1,1,1,1
"Exhaust gases, containing hydrogen fluoride",— · — · small,1,x,3,3,x,x,4,1,x,x,1,x,x,2,1,1,1
"Exhaust gases, containing nitrose",— · — · small,1,x,3,x,x,x,4,1,x,x,1,x,x,2,1,1,1
"Exhaust gases, containing sulfur dioxide",— · — · small,1,x,2,x,x,x,4,1,x,x,1,x,x,x,1,1,1
"Exhaust gases, containing sulfur trioxide",— · — · small,1,x,4,x,x,x,4,4,x,x,1,x,x,2,2,1,1
"Exhaust gases, containing sulfuric acid",— · — · each,1,x,4,x,x,x,4,1,x,x,1,x,x,2,1,1,1
"Fat, animal",— · —,x,x,1,2,1,x,1,1,x,x,x,x,x,x,1,1,1
"Fat, mineral",— · —,x,x,1,2,1,x,1,1,x,x,x,x,x,x,1,1,1
"Fat, vegetable",— · —,x,x,1,2,1,x,1,1,x,x,x,x,x,x,1,1,1
"Fats, edible oil",— · —,x,1,1,1,1,1,1,3,x,1,1,3,x,x,1,1,1
Fatty alcohol sulfonates,— · — · aqueous,1,x,1,2,1,x,1,1,x,x,1,x,x,x,1,1,1
Ferric chloride,FeCl · 007705-08-0 · saturated,1,1,3,1,x,1,4,1,1,1,1,1,1,1,1,1,1
Ferric nitrate,Fe(NO ) · 010421-48-4 · aqueous,1,1,2,2,x,x,3,1,x,x,x,x,x,1,1,1,1
Ferric nitrate,Fe(NO ) · 010421-48-4 · saturated,1,1,1,1,x,1,3,1,1,x,1,1,1,1,1,1,1
Ferric sulfate,Fe (SO ) · 010028-22-5 · saturated,1,1,2,2,x,x,3,1,x,x,x,x,x,1,1,1,1
Ferrous chloride,FeCl · 007758-94-3 · saturated,1,1,3,1,2,1,3,1,1,1,1,1,1,1,1,1,1
Ferrous sulfate,FeSO 4 · 007720-78-7 · saturated,1,1,2,1,x,1,3,1,1,x,1,1,x,1,1,1,1
Ferrous sulfate,FeSO 4 · 007720-78-7 · aqueous,1,1,2,2,x,x,3,1,x,x,x,x,x,1,1,1,1
Ferrous sulfate,FeSO 4 · 007720-78-7,1,1,2,1,2,x,3,1,1,x,x,x,1,1,1,1,1
Fire-damp,— · —,x,x,1,2,1,x,1,2,x,x,x,x,x,x,1,1,1
Fixer for fotos,— · —,1,1,1,2,x,x,1,1,x,x,1,1,x,x,1,1,1
"Fluid 101, 100°C",— · —,x,x,x,x,x,x,x,3,x,x,x,x,x,x,x,x,x
Fluorides,— · —,1,1,2,1,2,1,1,1,2,1,1,x,x,1,1,1,1
Fluorine,F 2 · 007782-41-4,4,4,4,4,4,3,4,4,4,4,1,x,4,1,1,1,4
Fluorobenzene,C 6 H 5 F · 000462-06-6,x,x,2,4,x,4,2,3,x,x,x,x,x,x,x,1,2
Fluorocarbons,— · —,x,x,2,3,2,x,2,3,4,x,x,x,x,1,x,1,3
Formaldehyde solution,CH 2 O · 000050-00-0 · 10 %,1,1,3,1,1,1,1,1,3,2,2,3,1,1,1,1,1
Formaldehyde solution,CH 2 O · 000050-00-0 · 30 %,1,1,3,1,1,x,1,1,4,x,x,x,x,x,1,1,1
Formaldehyde solution,CH 2 O · 000050-00-0 · 40 %,1,2,1,1,1,1,1,1,4,2,2,3,x,1,1,1,1
Formamide,CH 3 NO · 000075-12-7 · techn. pure,1,1,1,3,x,x,1,1,1,x,4,4,x,x,1,1,3
Formic acid,CH 2 O 2 · 000064-18-6 · 50 %,1,1,4,3,x,1,4,1,3,2,2,x,1,1,1,1,1
Formic acid,CH 2 O 2 · 000064-18-6 · 98-100 %,1,1,4,3,x,1,4,1,3,3,3,1,3,1,1,1,1
Formic acid,CH 2 O 2 · 000064-18-6 · 3 %,1,1,3,1,1,1,2,1,1,2,2,x,x,1,1,1,1
Fructose,C 6 H 12 O 6 · 000057-48-7 · each,1,1,1,1,1,x,1,1,1,x,x,x,x,x,1,1,1
Fruit pulp,— · —,1,1,2,1,1,x,1,1,x,x,1,x,x,1,1,1,1
Fruit wine,— · —,1,1,2,1,1,x,1,1,x,x,1,x,x,1,1,1,1
Fuel + 20% ethyl alcohol,— · —,x,x,1,4,x,4,2,3,x,x,x,x,x,x,1,1,2
Fuel + 20% methyl alcohol,— · —,x,x,1,4,x,4,2,3,x,x,x,x,x,x,1,1,2
"Fuel, Normal",— · —,x,x,1,3,1,4,2,3,4,x,x,x,x,x,1,1,2
"Fuel, piston engine (JP)",— · —,x,x,1,3,x,x,1,1,x,x,x,x,x,x,x,1,2
"Fuel, Super",— · —,x,x,1,4,2,4,2,3,4,x,x,x,x,x,1,1,2
Furan,C 4 H 4 O · 000110-00-9,x,x,3,4,x,4,2,3,x,x,x,x,x,x,1,1,3
Furfural,C 5 H 4 O 2 · 000098-01-1,1,3,3,3,1,x,2,4,x,x,x,x,4,x,1,1,1
Furfuryl alcohol,C 5 H 6 O 2 · 000098-00-0 · techn. pure,1,1,1,3,1,x,1,1,x,4,4,4,3,x,1,1,1
Gallic acid,C 7 H 6 O 5 x H 2 O · 000149-91-7,1,1,1,3,x,x,3,1,x,x,x,x,1,x,1,1,1
Gas liquor,— · —,x,x,2,2,x,x,2,1,x,x,x,x,x,x,1,1,1
Gas oil,— · —,x,x,1,2,1,x,2,1,x,x,x,x,x,x,1,1,1
"Gas, natural",— · —,x,x,x,1,1,x,1,2,x,x,x,x,x,x,1,1,1
Gasoline,— · 008006-61-9,x,x,1,3,2,x,1,3,x,x,x,x,x,x,1,1,1
Gasoline,C H - C H · 086290-81-5,2,3,1,3,2,2,1,3,4,3,2,x,x,1,1,1,1
"Gearbox oil, EP (Hypoid), 110°C",— · —,x,x,1,1,1,x,4,3,x,x,x,x,x,x,x,2,x
Gelatin,— · 009000-70-8 · each,1,1,1,1,1,1,1,1,1,1,1,1,x,1,1,1,1
Genantin,— · —,x,x,3,2,1,x,1,1,x,x,x,x,x,x,x,1,1
Glucose,C H O · 000050-99-7 · each,1,1,1,1,1,1,1,1,1,1,1,1,1,1,1,1,1
Glue (bone glue),— · — · each,1,1,1,1,1,x,2,1,x,x,1,x,x,x,1,1,1
Glycerol,C H O · 000056-81-5 · each,1,1,1,3,1,1,1,1,1,1,1,2,1,1,1,1,1
Glycine,C H NO · 000056-40-6 · 10 %,1,1,1,1,1,x,1,1,x,x,1,1,x,1,1,1,1
Glycolic acid,C H O · 000079-14-1 · 37 %,1,x,4,2,x,x,3,1,x,x,1,x,x,x,1,1,1
Glycolic acid,C H O · 000079-14-1 · 70 %,1,1,4,2,x,x,3,1,x,x,x,x,x,x,1,1,2
Glysantin,— · —,1,1,3,2,1,x,1,1,x,x,x,x,x,x,1,1,1
Gum tragacanth,— · 009000-65-1,1,1,1,1,1,1,1,1,x,x,x,x,1,1,1,1,1
"HD-Oil motor oil, without aromatics",— · —,1,1,1,1,1,x,1,1,x,x,x,x,x,x,1,1,2
Helium,He · 007440-59-7,x,x,1,1,1,x,1,1,x,x,x,x,x,1,1,1,1
Henkel-P3-solution,— · —,1,1,2,2,1,x,1,1,x,x,x,x,x,x,1,1,1
"Heptane, normal",C H · 000142-82-5,2,3,1,1,1,3,1,2,4,1,2,4,1,1,1,1,1
"Heptanol, 1-",C H O · 000111-70-6,x,x,2,2,1,x,1,2,x,x,x,x,1,x,1,1,1
Heptanone,C H O · —,x,x,3,4,4,4,2,3,x,x,x,x,x,x,1,1,2
Hexachlorbenzene (HCB),C Cl · 000118-74-1,x,x,3,4,x,4,1,3,x,x,x,x,1,x,1,2,x
Hexachlorocyclohexane (alpha-BHC),C H Cl · 000319-84-6,x,x,3,4,x,x,3,3,x,x,x,x,x,x,1,2,x
"Hexaldehyde, n-",C H O · 000066-25-1,x,x,x,4,x,x,2,2,x,x,x,x,x,x,1,1,2
Hexamethylenetetramine,C H N · 000100-97-0,x,x,2,2,1,x,2,2,1,x,x,x,1,x,1,1,2
"Hexane, n-",C H · 000110-54-3,2,4,1,2,1,3,1,2,4,1,2,4,1,1,1,1,1
Hexanetriol,C H O · — · 100 %,1,1,2,2,1,x,1,1,1,x,1,3,1,x,1,1,1
"Hexene, 1-",C 6 H 12 · 000592-41-6,x,x,1,2,1,4,1,3,x,x,x,x,x,x,1,1,1
Hexyl alcohol,C 6 H 14 O · 000111-27-3,1,1,2,2,1,x,1,1,x,3,1,3,1,x,1,1,1
Honey,— · —,1,1,1,1,1,x,1,1,x,x,x,x,x,1,1,1,1
"Hydraulic fluids, HFA",— · — · 50°C,x,x,x,x,x,x,x,3,x,x,x,x,x,x,x,1,x
"Hydraulic fluids, HFB",— · — · 50°C,x,x,x,x,x,x,x,3,x,x,x,x,x,x,x,1,x
"Hydraulic fluids, HFC",— · — · 60°C,x,x,x,x,x,x,x,3,x,x,x,x,x,x,x,1,x
"Hydraulic fluids, HFD-R",— · — · 100°C,x,x,x,x,x,x,x,3,x,x,x,x,x,x,x,x,x
"Hydraulic fluids, HFD-S",— · — · 100°C,x,x,x,x,x,x,x,3,x,x,x,x,x,x,x,x,x
Hydraulic oil (based on mineral oil),— · —,x,x,x,x,1,x,1,1,x,x,x,x,x,x,1,1,x
Hydrazine,N 2 H 4 · 000302-01-2 · 10 %,1,1,4,4,x,x,2,1,x,x,1,x,x,x,1,1,1
Hydrazine hydrate,N 2 H 6 O · 010217-52-4 · aqueous,1,1,4,4,x,x,2,1,x,x,1,x,x,x,1,1,1
Hydrogen,H 2 · 001333-74-0 · techn. pure,1,1,1,1,x,x,x,1,1,x,1,1,x,x,1,1,1
Hydrogen bromide,HBr · 010035-10-6 · 40 %,1,1,4,4,4,4,4,1,4,x,1,3,x,x,1,1,1
Hydrogen bromide,HBr · 010035-10-6 · 50 %,1,1,4,4,4,4,4,1,4,x,1,3,x,1,1,1,1
Hydrogen bromide,HBr · 010035-10-6 · diluted,1,1,4,4,3,4,4,1,4,x,1,3,x,x,1,1,1
Hydrogen chloride,HCl · 007647-01-0 · 1-5 %,1,1,4,1,2,1,4,1,1,1,1,x,1,1,1,1,1
Hydrogen chloride,HCl · 007647-01-0 · 35 %,1,1,4,4,4,1,4,1,3,1,2,3,1,1,1,1,1
Hydrogen chloride,HCl · 007647-01-0 · concentrated,1,1,4,4,4,1,4,1,3,1,2,3,1,1,1,1,1
Hydrogen chloride,HCl · 007647-01-0 · 20 %,1,1,4,2,3,1,4,1,1,1,1,x,x,1,1,1,1
Hydrogen chloride (gas),HCl · 007647-01-0 · anhydrous,1,x,4,3,4,x,4,1,x,x,1,x,x,x,1,1,1
Hydrogen cyanide,HCN · 000074-90-8 · techn. pure,1,1,3,4,x,x,4,1,1,x,1,1,x,x,1,1,1
Hydrogen cyanide,HCN · 000074-90-8 · aqueous,1,1,3,4,x,4,4,1,1,x,1,1,x,x,1,1,1
Hydrogen fluoride,HF · 007664-39-3 · anhydrous,x,x,4,4,4,x,4,2,x,4,x,x,x,x,1,1,x
Hydrogen fluoride,HF · 007664-39-3 · 4 %,1,1,4,2,4,1,4,1,2,2,2,x,x,1,1,1,1
Hydrogen fluoride,HF · 007664-39-3 · 50 %,1,1,4,4,4,1,4,1,4,3,2,2,3,1,1,1,1
Hydrogen fluoride,HF · 007664-39-3 · 70 %,x,1,4,4,4,x,4,1,4,4,1,3,x,x,1,1,1
Hydrogen fluoride,HF · 007664-39-3 · 100 %,x,x,4,4,4,x,4,2,x,4,x,x,x,x,1,1,x
Hydrogen peroxide,H 2 O 2 · 007722-84-1 · 30 %,1,1,4,1,1,1,4,1,1,1,1,x,1,1,1,1,1
Hydrogen peroxide,2 2 · 007722-84-1 · 100 %,1,1,4,x,x,x,4,4,4,x,x,x,x,x,1,1,2
Hydrogen peroxide,H O · 007722-84-1 · 90 %,1,1,4,1,x,1,4,1,1,1,1,x,x,1,1,1,1
Hydrogen peroxide,H 2 O 2 · 007722-84-1 · 3 %,1,1,3,1,1,1,1,1,1,1,1,x,1,1,1,1,1
Hydroquinone,C H O · 000123-31-9 · saturated,x,1,4,3,1,x,3,1,4,x,1,x,1,x,1,1,3
Hydroxyaluminium di(acetate),C 4 H 7 AlO 5 · 000139-12-8 · aqueous,1,1,1,1,1,1,1,1,x,x,1,1,x,1,1,1,1
Hydroxylamine disulfate,H N SO · 010039-54-0 · 12 %,1,1,x,2,x,x,3,1,x,x,x,x,x,x,1,1,2
Hydroxylamine disulfate,H N SO · 010039-54-0 · each,1,x,x,2,x,x,3,1,x,x,1,x,x,x,1,1,2
"Hydroxymethyl furfural, 5- (HMF)",C 6 H 6 O 3 · 000067-47-0,x,x,3,3,x,x,2,2,x,x,x,x,4,x,1,1,3
Iodine pentafluoride,JF · 007783-66-6,x,x,4,4,4,x,4,3,x,x,x,x,x,x,x,2,3
"Iodine, tincture of",I · 007553-56-2,1,1,4,3,x,1,1,1,3,x,4,4,3,1,x,1,1
Iodoform,CHJ 3 · 000075-47-8 · 100 %,3,3,3,3,x,x,2,3,3,x,4,4,x,x,1,1,2
Isoamyl alcohol,C H O · 000123-51-3,x,x,2,3,1,x,1,1,1,x,x,x,1,x,1,x,1
Isobutanol,C H O · 000078-83-1,1,1,2,1,2,1,1,1,2,1,1,x,3,1,1,1,1
Isobutyl acetate,C 6 H 12 O 2 · 000110-19-0,x,x,2,4,x,4,1,3,4,x,3,4,x,x,1,1,2
ISO-Fluid,— · — · liquid,x,2,1,3,1,4,1,3,4,x,1,x,1,x,1,1,1
ISO-Fluid A,— · —,x,x,2,3,x,4,2,3,4,x,x,x,x,x,1,1,2
ISO-Fluid B,— · —,x,x,2,3,x,4,2,3,4,x,x,x,x,x,1,1,2
ISO-Fluid C,— · —,x,x,2,3,x,4,2,3,4,x,x,x,x,x,1,1,2
ISO-Fluid D,— · —,x,x,2,3,x,4,2,3,4,x,x,x,x,x,1,1,2
Isopropyl acetate,C H O · 000108-21-4,1,2,1,4,3,2,1,2,4,4,4,4,x,1,1,1,3
Isopropyl alcohol,C 3 H 8 O · 000067-63-0 · techn. pure,1,1,1,1,1,1,1,1,2,1,1,4,1,1,1,1,1
Isopropyl chloride,C H Cl · 000075-29-6,x,x,2,4,x,4,2,3,4,x,x,x,x,x,1,1,2
Jam,— · —,1,1,1,1,1,x,2,1,1,x,1,x,1,1,1,1,1
Juices,— · —,1,1,1,1,1,1,1,1,1,x,1,1,x,x,1,1,1
Kerosene,— · 008008-20-6,2,3,1,4,1,2,1,3,4,2,1,x,x,2,1,1,1
Kerosene,— · — · techn. pure,1,3,1,3,1,x,1,1,4,1,1,3,3,x,1,1,1
Lactames,— · —,x,x,x,x,x,x,x,2,x,x,x,x,x,x,x,1,x
Lactic acid,C H O · 000050-21-5 · 3 %,1,1,3,1,1,1,2,1,2,1,2,x,1,1,1,1,1
Lactic acid,C H O · 000050-21-5 · 80 %,1,1,3,1,x,1,3,1,1,1,2,2,1,1,1,1,1
Lactic acid,C 3 H 6 O 3 · 000050-21-5 · 85 %,1,1,3,1,x,1,3,1,2,1,2,2,1,1,1,1,1
Lactose,C H O · 000063-42-3 · aqueous,1,1,1,1,1,1,1,1,1,x,1,1,1,1,1,1,1
Lanolin,— · 008006-54-0 · techn. pure,3,3,1,1,1,x,2,3,1,x,3,3,1,x,1,1,1
Lard,— · —,x,x,2,1,1,x,2,2,x,x,x,x,x,x,1,1,1
Latex,— · —,x,x,1,2,2,x,1,1,x,x,x,x,x,x,1,1,1
Laurel,— · — · ground,x,x,2,2,2,x,2,2,1,x,x,x,1,x,1,1,1
Lauryl alcohol,C H O · 000112-53-8 · 100 %,x,x,2,2,1,x,2,1,1,x,1,x,1,x,1,1,1
Lauryl chloride,C 12 H 25 Cl · 000112-52-7 · 100 %,x,x,2,3,x,x,2,3,x,x,x,x,x,x,1,1,1
Lavender oil,— · 008000-28-0,x,x,2,3,x,4,2,3,x,x,x,x,x,x,1,1,2
Lead acetate,C H PbO · 000301-04-2 · aqueous,1,1,3,1,2,1,1,1,1,x,1,1,1,1,1,1,1
Lead acetate,C 4 H 6 PbO 4 · 000301-04-2,1,1,3,1,2,x,1,1,x,x,x,x,x,1,1,1,1
Lead nitrate,Pb(NO 3 ) 2 · 010099-74-8 · aqueous,1,1,3,2,2,x,2,1,x,x,x,x,x,1,1,1,1
Lead nitrate,Pb(NO ) · 010099-74-8,1,1,3,2,2,x,2,1,1,x,x,x,1,1,1,1,1
Lead stearate,C 36 H 70 PbO 4 · 001072-35-1,1,1,2,1,1,x,1,1,1,x,x,x,1,1,1,1,1
Lead sulfate,PbSO 4 · 007446-14-2,1,1,2,1,1,x,1,1,1,x,x,x,1,1,1,1,1
Lead tetraethyl (TEL),C H Pb · 000078-00-2 · techn. pure,1,1,1,3,2,4,2,2,x,x,1,x,x,x,1,1,1
Lemon juice,— · —,1,1,1,1,2,x,1,1,1,x,x,x,x,x,1,1,1
Lemon oil,— · 084929-31-7,x,x,2,3,1,4,2,3,4,x,x,x,3,x,1,1,2
Lemongrass oil,— · 008007-02-1,x,x,2,3,x,4,2,3,4,x,x,x,4,x,1,1,3
Ligroin,— · 008032-32-4,x,x,2,1,2,4,2,3,3,x,x,x,1,x,1,1,1
Lime chloride,[3 x CaCl(OCl) + Ca(—OH) · aqueous,x,x,4,2,3,x,4,2,x,x,x,x,x,x,1,1,1
Lime chloride,[3 x CaCl(OCl) + Ca(—OH),x,x,4,2,3,x,4,1,1,x,x,x,1,x,1,1,1
"Limonene, DL-",C H · 000138-86-3,x,x,1,3,2,4,1,3,x,x,x,x,x,x,1,1,1
Linseed oil,— · 008001-26-1 · techn. pure,1,1,1,1,1,1,1,1,1,x,1,1,1,x,1,1,1
Liqueurs,— · —,1,x,2,1,1,x,2,1,x,x,1,x,x,x,1,1,1
Lithium bromide,LiBr · 007550-35-8,1,1,3,2,1,x,2,1,x,x,x,x,x,x,1,1,1
Lube oils,— · —,1,2,x,1,2,x,2,3,x,x,1,1,x,x,1,1,1
Lysol,— · —,x,x,4,3,x,x,3,1,x,x,x,x,x,x,1,1,2
Machine oil,— · — · 100 %,x,1,1,2,1,x,1,1,x,x,x,x,x,x,1,1,1
Magnesium carbonate,MgCO · 000546-93-0 · saturated,1,1,1,1,1,1,1,1,1,1,1,1,1,1,1,1,1
Magnesium chloride,MgCl 2 · 007786-30-3 · aqueous,1,1,1,1,1,1,1,1,1,1,1,1,1,1,1,1,1
Magnesium chlorite,Mg(ClO ) · ??,x,x,x,x,x,x,1,x,x,x,x,x,1,x,x,1,x
Magnesium hydroxide,Mg(HO) · 001309-42-8 · saturated,1,1,1,2,1,1,1,1,1,1,1,1,1,1,1,1,1
Magnesium iodide,MgJ 2 · 010377-58-9,1,1,2,2,2,x,1,1,x,x,x,x,x,1,1,1,1
Magnesium nitrate,Mg(NO 3 ) 2 · 010377-60-3 · saturated,1,1,1,2,1,1,1,1,1,x,1,1,x,1,1,1,1
Magnesiumsulfat,MgSO · 007487-88-9 · each,1,1,1,1,1,1,1,1,1,1,1,1,1,1,1,1,1
Maize-germ oil,— · 008001-30-7 · techn. pure,1,x,2,1,1,x,2,1,1,x,3,x,1,x,1,1,1
Maleic acid,C 4 H 4 O 4 · 000110-16-7 · saturated,1,1,4,3,x,x,3,1,x,x,1,1,x,1,1,1,1
Maleic acid,C H O · 000110-16-7 · aqueous,1,1,4,3,x,x,3,1,x,x,x,x,x,1,1,1,1
Margarine,— · —,x,x,2,1,1,x,2,1,1,x,x,x,1,x,1,1,1
Menthol,C 10 H 20 O · 000089-78-1 · solid,1,3,3,3,x,x,2,1,4,x,x,x,x,x,1,1,1
Mercuric chloride,HgCl 2 · 007487-94-7 · aqueous,1,1,4,1,2,1,3,1,1,1,1,1,1,1,1,1,1
Mercuric cyanide,C HgN · 000592-04-1 · saturated,1,1,3,2,2,x,3,1,x,x,1,x,x,1,1,1,1
Mercuric nitrate,Hg(NO 3 ) 2 · 010045-94-0 · saturated,1,1,1,2,2,x,3,1,1,x,1,1,x,1,1,1,1
Mercury,Hg · 007439-97-6 · pure,1,1,1,1,1,1,1,1,1,1,1,3,1,1,1,1,1
Mesityl oxide,C H O · 000141-79-7,x,x,2,4,4,4,2,3,4,x,x,x,4,x,1,1,x
Methacrylic acid,C 4 H 6 O 2 · 000079-41-4,1,1,4,4,x,x,4,1,x,x,x,x,x,x,1,1,3
Methane,4 · 000074-82-8 · techn. pure,1,x,1,1,1,x,1,1,x,x,1,x,x,x,1,1,1
Methoxy butanol,C 5 H 12 O 2 · — · 100 %,x,1,2,3,x,x,2,1,x,x,x,x,x,x,1,1,2
Methoxyethane,C H O · 000540-67-0 · 100 %,x,3,1,4,x,4,2,3,4,x,x,x,x,x,1,1,2
Methyl acetate,C 3 H 6 O 2 · 000079-20-9 · techn. pure,1,1,1,4,3,4,2,1,4,x,4,4,4,x,1,1,1
Methyl acrylate,4 6 2 · 000096-33-3,x,x,2,4,4,4,2,2,4,x,x,x,x,x,1,1,3
Methyl alcohol,CH O · 000067-56-1,1,1,2,4,1,1,1,1,3,3,1,3,3,1,1,1,1
Methyl amine,CH 5 N · 000074-89-5 · 32 %,1,1,4,4,x,x,1,1,x,x,3,4,x,x,1,1,3
Methyl benzene,C 7 H 8 · 000108-88-3,3,3,1,4,1,3,1,3,4,4,4,4,4,1,1,1,1
Methyl bromide,CH Br · 000074-83-9 · techn. pure,3,4,1,3,x,x,1,4,4,x,4,4,x,x,1,1,1
Methyl butanol,C H O · —,x,x,2,2,1,x,1,1,x,x,x,x,1,x,1,1,1
Methyl butyl ketone,C 6 H 12 O · 000591-78-6,x,x,2,4,4,4,2,3,4,x,x,x,x,x,1,1,3
Methyl chloride,CH Cl · 000074-87-3 · techn. pure,3,2,4,3,x,x,1,4,4,4,4,4,4,x,1,1,1
Methyl dichloroacetate,C 3 H 4 Cl 2 O 2 · 000116-54-1,1,x,3,4,x,4,3,1,x,x,4,x,x,x,1,1,3
Methyl ethyl ketone (MEK),C 4 H 8 O · 000078-93-3,1,3,1,4,4,4,1,1,4,4,4,4,4,2,1,1,3
Methyl formate,C H O · 000107-31-3,x,x,2,4,x,4,2,2,x,x,x,x,x,x,1,1,3
Methyl isobutyl ketone,C 6 H 12 O · 000108-10-1,1,2,1,4,4,3,2,2,4,4,4,4,4,2,1,1,3
Methyl isopropyl ketone,C 5 H 10 O · 000563-80-4,x,x,2,4,4,4,2,3,4,x,x,x,4,x,1,1,3
Methyl methacrylate,C 5 H 8 O 2 · 000080-62-6 · 100 %,x,x,2,4,4,4,2,2,4,x,4,4,x,x,1,1,3
Methyl propyl ketone,C 5 H 10 O · 000107-87-9,1,2,2,4,4,3,2,2,4,4,4,x,4,1,1,1,2
Methyl salicylate,C H O · 000119-36-8,x,x,3,3,x,x,3,1,4,x,x,x,4,x,1,1,3
Methyl sulfuric acid,CH SO · 000077-78-1 · 50 %,x,1,4,4,4,x,4,2,x,x,1,x,x,x,1,1,2
Methyl sulfuric acid,CH 4 SO 4 · 000077-78-1 · aqueous,x,x,4,4,4,x,4,2,x,x,x,x,x,x,1,1,2
Methylchloroacetate,C H ClO · 000096-34-4 · techn. pure,1,x,3,4,4,4,3,1,4,x,3,x,x,x,1,1,1
Methylcyclohexane,C 7 H 14 · 000108-87-2,3,3,2,2,1,4,2,3,x,x,x,x,1,x,1,1,1
Methylcyclopentane,C 6 H 12 · 000096-37-7,x,x,2,2,1,4,2,3,x,x,x,x,x,x,1,1,1
Methylene chloride,CH Cl · 000075-09-2,4,4,3,4,4,3,3,3,4,4,4,4,4,2,1,1,1
Methylglycol acetate,C H O · 000110-49-6,x,x,1,3,x,x,2,2,x,x,x,x,x,x,1,1,2
Milk,— · —,1,1,1,1,1,1,1,1,1,1,1,1,1,1,1,1,1
Mineral oil,— · 008012-95-1,1,2,1,1,1,1,1,1,1,1,1,x,x,1,1,1,1
Mineral water,— · —,1,1,1,1,1,x,1,1,x,x,1,x,x,1,1,1,1
Molasses wort,— · —,1,1,1,2,2,x,2,1,x,x,1,x,x,1,1,1,1
Monochloroethane,C H Cl · 000075-00-3,3,3,1,4,x,3,1,3,4,4,4,4,4,1,1,1,1
Morpholine,C H NO · 000110-91-8 · techn. pure,1,1,3,3,x,x,2,1,x,x,4,4,x,x,1,1,1
Motor oil,— · —,x,x,1,2,1,x,1,1,x,x,x,x,x,x,1,1,1
Mowilith D,— · —,1,x,2,x,2,x,2,1,x,x,1,x,x,x,1,1,1
Muscat,— · — · ground,x,x,2,4,2,x,2,2,4,x,x,x,3,x,1,1,2
Mustard,— · —,x,x,2,1,1,x,1,1,1,x,x,x,1,x,1,1,1
Naphtha,— · 008032-32-4,1,3,1,2,1,1,1,1,3,1,1,4,x,x,1,1,1
Naphthalene,C H · 000091-20-3 · 100 %,x,1,1,3,x,x,1,1,3,1,4,4,1,x,1,1,1
Naphthalene (in alcohol),— · —,1,1,2,3,x,x,1,1,3,x,x,x,3,x,1,1,2
Neon,Ne · 007440-01-9,x,x,1,1,1,x,1,1,x,x,x,x,x,1,1,1,1
Nickel acetate,C 4 H 6 NiO 4 · 000373-02-4 · aqueous,1,1,3,2,1,x,2,1,x,x,x,x,x,x,1,1,1
Nickel dichloride,NiCl · 007718-54-9 · saturated,1,1,1,2,1,x,2,1,x,x,1,1,x,x,1,1,1
Nickel dichloride,NiCl 2 · 007718-54-9 · aqueous,1,1,3,2,1,x,2,1,x,x,x,x,x,x,1,1,1
Nickel sulfate,NiSO 4 · 007786-81-4 · saturated,1,1,1,1,1,1,2,1,1,x,1,1,1,x,1,1,1
Nickel sulfate,NiSO · 007786-81-4 · aqueous,1,1,3,1,1,x,2,1,x,x,x,x,x,x,1,1,1
Nickelous nitrate,Ni(NO ) · 013138-45-9 · saturated,1,1,3,2,1,1,2,1,1,1,1,1,x,x,1,1,1
Nicotine,C 10 H 14 N 2 · 000054-11-5,1,1,3,3,x,x,2,1,1,x,1,x,x,x,1,1,2
Nicotinic acid,6 5 2 · 000059-67-6 · diluted,1,1,3,2,x,x,3,1,x,x,1,x,x,x,1,1,2
Nitric acid,HNO · 007697-37-2 · 1-10 %,1,1,4,1,2,1,4,1,2,1,1,x,1,1,1,1,1
Nitric acid,HNO 3 · 007697-37-2 · 50 %,2,3,4,4,2,2,4,3,4,2,2,x,x,1,1,1,1
Nitric acid,HNO 3 · 007697-37-2 · 66 %,2,3,4,4,4,2,4,4,4,4,3,x,x,1,1,1,1
Nitric acid,HNO · 007697-37-2 · 100 %,4,4,4,4,4,x,4,4,x,x,4,x,4,x,x,1,4
Nitric acid,HNO · 007697-37-2 · 70 %,2,3,4,4,4,2,4,4,4,4,3,x,x,1,1,1,1
Nitro benzoic acid,C 7 H 5 NO 4 · —,1,1,3,3,x,x,3,1,x,x,1,x,x,x,1,1,2
Nitro reducer,— · —,x,x,3,4,x,4,3,3,4,x,x,x,x,x,1,1,3
Nitrobenzene,C H NO · 000098-95-3,3,4,4,4,1,4,3,2,4,4,4,4,4,1,1,1,1
Nitroethane,C H NO · 000079-24-3,x,x,3,4,x,x,3,2,x,x,x,x,x,x,1,1,3
Nitrogen,N 2 · 007727-37-9,x,x,1,1,1,x,1,1,x,x,x,x,x,1,1,1,1
Nitrogen tetroxide,N O · 010544-72-6,x,x,3,3,1,x,4,1,x,x,x,x,x,x,x,1,2
Nitroglycerine,C 3 H 5 (NO 3 ) 3 · 000055-63-0 · diluted,x,x,3,3,x,x,2,2,x,x,3,4,x,x,1,1,3
Nitrohydrochloric acid,HNO 3 + HCl · 008007-56-5,4,4,4,4,4,3,4,4,4,4,4,4,3,1,2,1,3
Nitropropane,C H NO · —,x,x,3,4,x,x,3,2,x,x,x,x,x,x,1,1,3
Nitrose gases,— · — · diluted,1,x,3,4,x,x,4,1,x,x,1,x,x,x,1,1,1
Nitrotoluene,C 7 H 7 NO 2 · 001321-12-6 · techn. pure,1,1,4,4,1,4,3,1,4,x,4,4,x,x,1,1,1
Nitrous oxide,N O · 010024-97-2,x,x,2,2,1,x,2,2,x,x,x,x,x,x,1,1,1
Nonyl alcohol,C 9 H 20 O · 000143-08-8 · 100 %,x,1,2,2,1,x,1,1,1,x,x,x,1,x,1,1,1
Nutmeg oil,— · 008008-45-5,x,x,2,4,x,x,2,2,4,x,x,x,3,x,1,1,2
Octafluoropropane,C 3 F 8 · 000076-19-7,x,x,1,3,x,x,1,3,x,x,x,x,x,x,x,1,x
Octane,C 8 H 18 · 000111-65-9,1,1,1,2,1,1,1,1,4,2,3,3,1,1,1,1,1
Octyl cresol ?,C H O · — · 100 %,3,3,3,4,x,x,3,3,x,x,x,x,x,x,1,1,2
"Oils and fats, vegetable",— · —,1,1,2,2,1,x,2,1,3,x,1,3,x,x,1,1,1
"Oils, essential",— · —,4,3,2,3,x,x,2,3,x,x,x,x,x,x,1,1,3
Oleic acid,C H O · 000112-80-1 · techn. pure,1,1,1,1,1,x,2,1,1,x,1,x,1,x,1,1,1
Oleic acid methyl ester,C 19 H 36 O 2 · 000112-62-9,x,x,2,3,2,4,2,2,x,x,x,x,x,x,1,1,1
Oleum,H 2 SO 4 x SO 3 · 008014-95-7 · 10 % SO 3,4,4,4,4,4,4,4,4,4,4,4,4,x,x,1,1,4
Oleum steams,— · — · small,4,x,4,3,x,x,4,4,x,x,1,x,x,x,1,1,1
Olive oil,— · 008001-25-0,1,x,2,2,1,x,1,1,1,x,1,x,1,x,1,1,1
Orange juice,— · —,1,1,1,1,1,x,2,1,1,x,x,x,1,1,1,1,1
Orange oil,— · 008028-48-6,3,3,1,3,x,4,1,3,4,x,x,x,x,x,1,1,3
"Orange oil, bitter",— · 068916-04-1,2,3,2,3,1,3,2,2,4,3,3,x,x,1,1,1,2
Oxalic acid,C 2 H 2 O 4 x 2H 2 O · 000144-62-7 · aqueous,1,1,4,2,2,x,4,1,x,x,x,x,x,1,1,1,2
Oxygen,O · 007782-44-7 · techn. pure,1,1,2,1,1,x,1,1,1,x,1,1,x,x,1,1,1
Ozone,O 3 · 010028-15-6,3,3,4,1,x,1,4,3,2,1,1,x,1,1,1,1,1
Ozone-air-mixture,— · —,x,x,4,2,x,x,4,3,x,x,x,x,x,1,1,1,2
Palm kernel oil,— · 008023-79-8,x,x,1,2,1,x,2,1,1,x,x,x,x,x,1,1,1
Palm oil,— · 008002-75-3,1,x,1,2,1,x,2,1,x,x,1,x,1,x,1,1,1
Palmitic acid,C 16 H 32 O 2 · 000057-10-3 · techn. pure,3,2,1,2,1,x,1,3,1,x,1,3,1,x,1,1,1
Paraffin wax,— · 008002-74-2 · melted,x,x,x,2,x,x,2,2,x,x,x,x,x,x,1,1,x
Paraffin-emulsion,— · —,1,x,1,2,2,x,2,1,x,x,1,x,x,x,1,1,1
Paraffins,C n H 2n+2 · — · 100 %,1,1,1,1,1,1,1,1,1,1,1,1,x,x,1,1,1
Paraformaldehyde,(CH O) H O · 030525-89-4,x,x,x,2,1,x,2,1,x,x,x,x,x,x,1,1,2
Peanut oil,— · 008002-03-7,x,x,x,2,1,x,2,1,1,x,x,x,1,x,1,1,1
Pectin,— · 009000-69-5 · aqueous,1,1,1,1,1,1,1,1,1,1,1,1,1,1,1,1,1
Pectin,— · 009000-69-5,1,1,1,1,1,1,1,1,1,1,1,1,1,1,1,1,1
Penicillin,— · —,1,1,2,1,1,x,1,2,x,x,x,x,1,1,1,1,1
Pentachlorbiphenyl,C 12 H 5 Cl 5 · —,x,x,1,3,x,x,2,4,x,x,x,x,x,x,x,1,2
"Pentane, normal",C H · 000109-66-0,1,1,1,1,1,3,1,3,3,x,x,x,1,x,1,1,1
"Pentanethiol, 1-",C 5 H 12 S · 000110-66-7,x,x,2,3,x,4,2,2,x,x,x,x,4,x,1,1,2
"Pentanol, 1-",5 12 · 000071-41-0,1,1,1,1,1,2,1,1,1,3,2,3,x,1,1,1,1
"Pentanone, 3-",C H O · 000096-22-0,2,2,3,4,4,2,1,2,4,4,4,x,4,2,1,1,3
Pepper,— · — · ground,x,x,2,1,1,x,2,2,4,x,x,x,x,x,1,1,1
Perchloric acid,HClO · 007601-90-3 · 70 %,2,3,4,4,4,2,4,4,2,4,3,4,x,1,1,1,1
Perchloric acid,HClO · 007601-90-3 · 20 %,x,1,4,3,x,x,4,1,x,x,1,3,x,x,1,1,1
Perchlorobutadiene,C 4 Cl 6 · 000087-68-3,x,x,3,4,x,4,1,3,4,x,x,x,x,x,1,2,3
Perfluorocyclobutane,C F · 000115-25-3,x,x,1,3,x,x,1,3,x,x,x,x,x,x,x,1,x
Perfumes,— · —,3,3,1,3,1,x,2,1,4,x,1,3,x,x,1,1,1
Petroleum,— · 008002-05-9,x,x,1,3,1,x,1,1,x,x,x,x,x,x,1,1,1
Petroleum ether,— · 008032-32-4 · techn. pure,1,1,1,3,1,1,1,1,4,1,1,3,3,x,1,1,1
Phenacetin,C 10 H 13 NO 2 · 000062-44-2,x,x,x,x,x,x,2,2,x,x,x,x,1,x,1,1,1
Phenethyl alcohol,C H O · 000060-12-8,x,x,3,4,x,x,2,1,x,x,x,x,4,x,1,1,2
Phenol,C 6 H 6 O · 000108-95-2 · 10 %,1,1,4,4,4,1,4,1,4,4,1,3,3,x,1,1,1
Phenol,C 6 H 6 O · 000108-95-2 · 100 %,2,3,4,4,4,1,4,1,4,3,4,3,4,1,1,1,1
Phenolic resin mass,— · —,1,1,3,3,x,x,3,1,x,x,x,x,x,x,1,1,1
Phenylhydrazine,C H N · 000100-63-0 · techn. pure,3,x,3,3,x,x,2,3,x,x,4,x,x,x,1,1,1
Phenylhydrazine hydrochloride,C 6 H 8 N 2 -HCl · 000059-88-1,x,x,3,2,x,x,3,1,x,x,3,x,x,x,1,1,1
Phenylsulfonate,— · 070528-83-5,x,1,x,x,x,x,x,1,x,x,x,x,x,x,1,1,x
Phosgene,COCl · 000075-44-5 · liquid,x,x,1,3,x,x,2,x,x,x,x,x,x,x,1,1,3
Phosgene,COCl 2 · 000075-44-5 · gaseous,x,3,1,3,x,x,2,3,x,x,4,x,x,x,1,1,3
Phosphates,— · — · aqueous,1,1,x,x,1,x,2,3,x,x,x,x,x,x,1,1,1
Phosphine,PH · 007803-51-2 · concentrated,x,x,1,3,x,x,1,3,x,x,1,x,x,x,x,1,1
Phosphoric acid,H PO · 007664-38-2 · 30 %,1,1,4,1,x,x,4,1,1,x,x,x,1,x,1,1,1
Phosphoric acid,H 3 PO 4 · 007664-38-2 · 85 %,1,1,4,1,x,1,4,1,1,1,1,1,1,1,1,1,1
Phosphoric acid,H 3 PO 4 · 007664-38-2 · 1-5 %,1,1,3,1,1,1,3,1,2,1,1,x,1,1,1,1,1
Phosphoric acid,H PO · 007664-38-2 · 20%,1,1,4,2,x,x,4,1,x,x,x,x,x,x,1,1,1
Phosphorus oxychloride,PCl 3 O · 010025-87-3 · 100 %,x,1,4,4,x,x,4,1,x,x,4,4,x,x,x,1,2
Phosphorus oxychloride,PCl 3 O · 010025-87-3,x,1,4,4,x,x,4,1,x,x,4,4,x,x,x,1,2
Phosphorus pentachloride,PCl · 010026-13-8,x,1,4,4,x,x,4,1,x,x,4,4,x,x,x,1,1
Phosphorus pentoxide,P O · 001314-56-3 · techn. pure,1,x,4,3,x,x,4,1,x,x,1,x,x,x,1,1,1
Phosphorus trichloride,PCl 3 · 007719-12-2,3,3,4,4,x,x,4,1,x,x,4,4,x,x,1,1,1
Phthalic acid,8 6 4 · 000088-99-3 · saturated,1,1,3,3,1,x,1,1,1,x,1,x,1,x,1,1,1
Phthalsäuremonoamylester ?,C H O · ??,x,x,3,3,x,x,3,2,x,x,x,x,4,x,1,1,2
Picric acid,C 6 H 3 N 3 O 7 · 000088-89-1 · 1 % aqueous,1,1,3,3,x,x,3,1,x,x,1,4,x,x,1,1,1
Pine oil,— · 008023-99-2,x,x,1,3,x,4,2,1,4,x,x,x,x,x,1,1,3
Pink,— · — · ground,x,x,2,4,1,x,2,2,4,x,x,x,4,x,1,1,2
Piperidine,C 5 H 11 N · 000110-89-4,x,x,3,3,x,x,2,2,x,x,x,x,x,x,1,1,2
Plasticiser,— · —,1,1,2,3,x,x,2,1,x,x,x,x,3,x,1,1,x
Polish remover,— · —,x,x,2,4,x,4,2,1,4,x,x,x,x,x,1,1,2
Polyester resins,— · —,3,3,1,4,1,x,2,3,x,x,x,x,x,x,1,1,2
Polyethylene glycol,HO-(C 2 H 4 O) n -H · 025322-68-3 · 100 %,1,1,3,x,x,x,1,1,x,x,x,x,x,x,1,1,2
Polyran M25 N,— · — · 80°C,x,x,x,x,x,x,x,x,x,x,x,x,x,x,x,x,x
Polyran M400,— · — · 80°C,x,x,x,x,x,x,x,x,x,x,x,x,x,x,x,x,x
Polysolvan O,C H O · 007397-62-8 · 100 %,x,1,2,3,1,x,1,2,x,x,x,x,x,x,1,1,x
Potassium acetate,C H KO · 000127-08-2 · aqueous,1,1,1,1,2,x,1,1,x,x,1,1,x,1,1,1,1
Potassium bisulfate,KHSO 4 · 007646-93-7 · aqueous,1,1,4,1,2,x,2,1,x,x,x,x,x,1,1,1,1
Potassium bisulfate,KHSO 4 · 007646-93-7,1,1,4,1,x,x,2,1,1,x,x,x,1,1,1,1,1
Potassium bitartrate,C H KO · 000868-14-4 · saturated,1,1,2,2,x,x,2,1,x,x,1,1,x,1,1,1,1
Potassium borate,KBO 2 · 012228-88-5 · 10 %,1,1,1,2,2,x,1,1,x,x,1,x,x,1,1,1,1
Potassium borate,KBO 2 · 012228-88-5 · aqueous,1,1,1,2,2,x,1,1,x,x,x,x,x,1,1,1,1
Potassium bromate,KBrO · 007758-01-2 · saturated,1,1,2,1,x,x,2,1,1,x,1,x,1,x,1,1,1
Potassium bromate,KBrO · 007758-01-2 · aqueous,x,x,2,2,x,x,2,1,x,x,x,x,x,x,1,1,1
Potassium bromide,KBr · 007758-02-3 · each,1,1,3,1,1,1,1,1,1,x,1,1,1,x,1,1,1
Potassium carbonate,2 3 · 000584-08-7 · saturated,1,1,1,3,2,1,1,1,1,x,1,1,1,x,1,1,1
Potassium carbonate,K CO · 000584-08-7 · aqueous,1,1,1,2,2,x,1,1,x,x,x,x,x,x,1,1,1
Potassium chlorate,KClO 3 · 003811-04-9 · saturated,1,x,1,2,x,x,2,1,1,x,1,x,x,x,1,1,1
Potassium chlorate,KClO 3 · 003811-04-9 · aqueous,1,x,1,2,x,x,2,1,1,x,1,x,x,x,1,1,1
Potassium chloride,KCl · 007447-40-7 · aqueous,1,1,1,1,1,1,1,1,1,1,1,1,1,1,1,1,1
Potassium chromate,K CrO · 007789-00-6 · saturated,1,1,2,2,x,1,2,1,1,x,1,1,1,x,1,1,1
Potassium chromate,K 2 CrO 4 · 007789-00-6 · aqueous,x,x,2,2,x,x,2,1,x,x,x,x,x,x,1,1,1
Potassium cyanide,KCN · 000151-50-8 · saturated,1,1,1,4,x,x,3,1,x,x,1,4,x,x,1,1,1
Potassium cyanide,KCN · 000151-50-8 · aqueous,1,1,1,4,x,x,3,1,x,x,1,1,x,x,1,1,1
Potassium dichromate,K 2 Cr 2 O 7 · 007778-50-9 · saturated,1,1,4,3,3,1,3,1,1,x,1,1,1,x,1,1,1
Potassium dichromate,K 2 Cr 2 O 7 · 007778-50-9 · aqueous,x,x,3,1,3,x,3,1,x,x,x,x,x,x,1,1,1
Potassium ferricyanide,C FeK N · 013746-66-2 · each,1,1,1,1,1,x,2,1,1,x,1,1,x,1,1,1,1
Potassium ferrocyanide,C FeK N x 3H O · 014459-95-1 · saturated,1,1,1,2,1,x,2,1,x,x,1,1,x,1,1,1,1
Potassium ferrocyanide,C 6 FeK 4 N 6 x 3H 2 O · 014459-95-1 · diluted,1,1,1,1,1,x,2,1,x,x,1,1,x,1,1,1,1
Potassium fluoride,KF · 007789-23-3,1,1,1,2,2,x,1,1,x,x,x,x,1,1,1,1,1
Potassium hydrogen carbonate,CHKO · 000298-14-6 · saturated,1,1,1,2,2,x,1,1,x,x,x,x,x,1,1,1,1
Potassium hydroxide,KHO · 001310-58-3 · 10 %,1,1,1,4,4,x,1,1,x,x,x,x,1,1,1,1,1
Potassium hydroxide,KHO · 001310-58-3 · 30 %,1,1,1,4,4,1,3,1,1,1,1,1,x,x,x,1,2
Potassium hydroxide,KHO · 001310-58-3 · 50 %,1,1,1,4,4,1,3,1,2,1,1,1,1,1,1,1,3
Potassium hydroxide,KHO · 001310-58-3 · concentrated,1,1,1,4,4,1,3,1,2,1,1,1,1,1,1,1,3
Potassium hydroxide,KHO · 001310-58-3 · 1 %,1,1,1,3,4,1,1,1,2,1,1,x,x,1,1,1,1
Potassium hypochlorite,KClO · 007778-66-7 · diluted,1,1,3,3,3,1,4,1,3,1,1,1,x,x,1,1,1
Potassium iodate,KJO · 007758-05-6,x,x,2,2,2,x,2,1,x,x,x,x,1,x,1,1,1
Potassium iodide,KJ · 007681-11-0 · saturated,1,1,1,2,2,x,1,1,1,1,1,1,1,1,1,1,1
Potassium iodide,KJ · 007681-11-0 · aqueous,1,1,1,2,2,x,1,1,x,x,x,x,x,1,1,1,1
Potassium nitrate,KNO 3 · 007757-79-1 · 50 %,1,1,1,1,1,1,1,1,1,1,1,1,1,1,1,1,1
Potassium nitrate,KNO 3 · 007757-79-1 · aqueous,1,1,1,1,1,x,1,1,x,x,x,x,x,1,1,1,1
Potassium perchlorate,KClO · 007778-74-7 · saturated,1,1,1,1,1,1,1,1,x,x,1,3,x,1,1,1,1
Potassium perchlorate,KClO · 007778-74-7 · aqueous,1,1,1,1,1,x,1,1,x,x,x,x,x,1,1,1,1
Potassium permanganate,KMnO 4 · 007722-64-7 · aqueous,x,x,4,1,2,x,1,1,x,x,x,x,x,x,1,1,1
Potassium permanganate,KMnO 4 · 007722-64-7,1,1,4,1,2,1,1,1,1,x,1,x,1,1,1,1,1
Potassium persulfate,K (SO ) · 007727-21-1 · each,1,1,4,1,x,1,3,1,1,x,1,1,1,x,1,1,1
Potassium sulfate,K 2 SO 4 · 007778-80-5 · aqueous,1,1,1,1,1,x,1,1,x,x,x,x,x,1,1,1,1
Potassium sulfide,K 2 S · 001312-73-8 · diluted,1,1,1,2,2,1,2,1,1,x,1,1,1,x,1,1,1
Potassium sulfite,K SO · 010117-38-1 · saturated,1,1,1,2,2,x,1,1,x,x,x,x,x,x,1,1,1
Potassium thiosulfate,K S O · 010233-00-8 · saturated,1,1,1,2,1,x,1,1,x,x,x,x,x,1,1,1,1
Precipitated silica,SiO 2 · 001343-98-2 · each,1,1,1,1,1,1,1,1,1,1,1,1,1,1,1,1,1
Prontosil,— · —,x,x,2,3,x,x,2,2,x,x,x,x,1,x,1,1,2
Propane,C H · 000074-98-6 · liquid,1,1,1,1,1,x,1,1,x,1,1,3,1,x,1,1,1
Propane,C 3 H 8 · 000074-98-6 · gaseous,3,4,1,3,1,4,1,2,4,3,1,x,x,1,1,1,1
Propargyl alcohol,C H O · 000107-19-7 · 7 %,1,1,3,1,x,x,2,1,x,x,1,1,x,x,1,1,1
Propionic acid,C H O · 000079-09-4 · 50 %,1,1,3,4,x,x,4,1,4,4,1,3,x,x,1,1,1
Propionic acid,C 3 H 6 O 2 · 000079-09-4,1,1,3,4,x,x,4,1,4,4,4,4,x,x,1,1,1
"Propyl acetate, normal",C 5 H 10 O 2 · 000109-60-4,x,x,1,4,x,4,1,2,x,x,x,x,x,x,1,1,2
Propyl alcohol,C H O · 000071-23-8,1,1,1,1,1,x,1,1,3,x,2,3,1,x,1,1,1
Propyl nitrate,C 3 H 7 NO 3 · 000627-13-4,x,x,3,3,x,x,3,2,x,x,x,x,x,x,1,1,3
"Propylamine, n-",C H N · 000107-10-8,x,x,x,3,x,x,2,2,x,x,x,x,x,x,1,1,2
Propylene,C H · 000115-07-1,1,1,1,3,1,x,1,1,4,x,3,4,x,x,1,1,1
Propylene glycol,C 3 H 8 O 2 · 000057-55-6,1,1,4,2,2,1,1,1,1,2,3,x,1,1,1,1,1
Propylene oxid,C 3 H 6 O · 000075-56-9,1,1,3,2,x,1,2,1,4,2,3,x,4,3,1,1,1
"Pydraul C (312, 540)",— · —,x,x,x,x,x,x,x,x,x,x,x,x,x,x,x,1,x
"Pydraul E (29, 30, 50, 65, 90, 11)",— · —,x,x,x,x,x,x,x,x,x,x,x,x,x,x,x,1,x
Pyridine,C 5 H 5 N · 000110-86-1,1,x,1,4,x,x,1,3,4,4,4,4,4,1,2,1,1
Pyrogallic acid,C H O · 000087-66-1,x,x,1,3,x,x,3,1,3,x,x,x,1,x,1,1,1
Pyroligneous oil,— · 008001-20-5,x,x,1,2,1,x,1,2,x,x,x,x,x,x,1,1,1
Pyrrole,C 4 H 5 N · 000109-97-7,x,x,3,4,x,x,2,3,x,x,x,x,x,x,1,1,3
Quinine,20 24 2 2 · 000130-95-0,1,1,2,2,2,x,1,1,x,x,x,x,x,1,1,1,1
Ramasit,— · —,x,x,x,x,x,x,x,x,x,x,1,x,x,x,x,1,1
Resorcinol,C 6 H 6 O 2 · 000108-46-3 · 5 %,1,1,4,2,x,1,3,1,2,4,2,x,3,1,1,1,3
Resorcinol,C H O · 000108-46-3 · saturated,1,1,4,2,x,1,3,1,2,4,3,x,x,1,1,1,3
Roaster off-gas,— · — · each,x,x,2,x,x,x,3,1,x,x,x,x,x,x,1,1,2
Rose oil,— · 008007-01-0,x,x,2,3,x,x,2,2,4,x,x,x,3,x,1,1,2
Rum ether,— · 008030-89-5,x,x,2,3,x,x,2,2,4,x,x,x,1,x,1,1,3
Sagrotan,— · — · liquid,1,1,x,3,x,x,3,1,3,x,x,x,x,x,1,1,2
Salicyl acid,C 7 H 6 O 3 · 000069-72-7 · saturated,1,1,1,1,1,1,4,1,1,1,2,x,1,1,1,1,1
Salicyl acid,C 7 H 6 O 3 · 000069-72-7 · powder,1,1,1,1,1,1,3,1,1,1,2,x,x,1,1,1,1
Salicylaldehyde,C H O · 000090-02-8,1,1,3,2,x,1,3,1,4,3,3,x,x,1,1,1,3
Salt spring,NaCl · 007647-14-5 · saturated,1,1,1,1,1,x,1,1,x,x,x,x,x,1,1,1,1
"Salt water, sea water",— · —,1,1,1,1,1,x,1,1,1,x,1,1,1,1,1,1,1
Saturated steam condensate,— · —,x,x,2,2,x,x,2,1,x,x,x,x,x,x,1,1,2
Sea water,— · —,1,1,1,1,1,x,1,1,1,x,1,1,1,1,1,1,1
Silicofluoric acid,H 2 SiF 6 · 016961-83-4 · 32 %,1,1,4,1,4,x,4,1,x,x,1,x,x,1,1,1,1
Silicone greases,— · —,x,x,1,1,1,x,1,1,x,x,x,x,x,x,1,1,1
Silicone oil,— · —,1,1,1,1,1,1,1,1,3,1,1,x,1,x,1,1,1
Silver acetate,C 2 H 3 AgO 2 · 000563-63-3,1,1,2,1,2,1,2,1,2,1,2,x,x,1,1,1,1
Silver cyanide,CAgN · 000506-64-9,1,1,2,2,2,x,2,1,x,x,x,x,x,x,1,1,1
Silver nitrate,AgNO · 007761-88-8 · aqueous,1,x,1,1,2,x,1,1,x,x,x,x,x,x,1,1,1
Silver nitrate,AgNO 3 · 007761-88-8,1,1,1,1,2,1,1,1,2,1,1,1,1,1,1,1,1
Skydrol 500 (B4),— · —,x,x,x,x,x,x,x,x,x,x,x,x,x,x,1,1,x
Skydrol 7000,— · —,x,x,x,x,x,x,x,x,x,x,x,x,x,x,1,1,x
"Soaps, liquid",— · —,1,1,1,2,2,x,1,1,x,x,x,x,x,x,1,1,1
Soapy solution,— · — · each,1,x,4,2,1,x,1,1,x,x,1,x,x,1,1,1,1
Sodium acetate,C H NaO · 000127-09-3 · each,1,1,1,1,1,1,1,1,2,1,2,3,1,1,1,1,1
Sodium benzoate,C H NaO · 000532-32-1 · 36 %,1,1,1,2,2,x,1,1,x,x,x,x,x,1,1,1,1
Sodium benzoate,C 7 H 5 NaO 2 · 000532-32-1 · aqueous,1,1,2,2,1,x,1,1,x,x,x,x,x,1,1,1,1
Sodium benzoate,C 7 H 5 NaO 2 · 000532-32-1,1,1,1,2,1,x,1,1,1,x,1,x,1,1,1,1,1
Sodium bicarbonate,NaHCO · 000144-55-8 · aqueous,1,1,1,1,1,x,1,1,x,x,x,x,x,1,1,1,1
Sodium bisulfate,NaHSO 4 · 007681-38-1 · 10 %,1,1,4,1,1,x,2,1,x,x,1,x,x,1,1,1,1
Sodium bisulfate,NaHSO 4 · 007681-38-1 · each,1,1,1,1,x,x,3,1,1,x,1,x,1,1,1,1,1
Sodium bisulfite,NaHSO · 007631-90-5 · aqueous,1,1,1,2,1,x,4,1,x,x,x,x,x,x,1,1,1
Sodium borate,Na B O x 10 H O · 001303-96-4 · saturated,1,1,1,1,2,1,1,1,1,1,1,1,1,1,1,1,1
Sodium borate,Na 2 B 4 O 7 x 10 H 2 O · 001303-96-4 · aqueous,1,1,1,2,1,x,1,1,x,x,x,x,x,1,1,1,1
Sodium bromate,3 · 007789-38-0 · each,1,1,3,2,x,x,1,1,1,x,1,x,1,x,1,1,1
Sodium bromide,NaBr · 007647-15-6 · each,1,1,1,2,1,x,1,1,1,x,1,x,1,1,1,1,1
Sodium carbonate,Na 2 CO 3 · 000497-19-8 · saturated,1,1,1,1,x,1,1,1,1,1,1,1,1,1,1,1,1
Sodium carbonate,Na 2 CO 3 · 000497-19-8 · aqueous,1,1,1,1,1,x,1,1,x,x,x,x,x,1,1,1,1
Sodium chlorate,NaClO · 007775-09-9 · each,1,1,1,1,x,1,2,1,1,x,1,x,x,x,1,1,1
Sodium chlorate,NaClO 3 · 007775-09-9 · aqueous,x,x,3,1,1,x,2,1,x,x,x,x,x,x,1,1,1
Sodium chloride,NaCl · 007647-14-5 · each,1,1,1,1,1,1,1,1,1,1,1,1,1,1,1,1,1
Sodium chloride,NaCl · 007647-14-5 · aqueous,1,1,1,1,1,1,1,1,1,1,1,1,1,1,1,1,1
Sodium chlorite,NaClO 2 · 007758-19-2 · diluted,1,1,1,2,x,x,2,1,x,x,3,4,x,x,1,1,1
Sodium chromate,NaCrO 4 · 007775-11-3 · diluted,1,1,1,2,x,x,2,1,1,x,1,x,1,x,1,1,1
Sodium cyanide,CNNa · 000143-33-9 · saturated,1,1,1,3,x,x,3,1,x,x,x,x,x,x,1,1,1
Sodium cyanide,CNNa · 000143-33-9 · aqueous,1,1,1,3,1,x,3,1,x,x,x,x,x,x,1,1,1
Sodium dichromate,Na 2 Cr 2 O 7 · 010588-01-9,x,1,1,1,3,1,3,1,1,x,1,x,x,1,1,1,1
Sodium dodecylbenzene sulfonate,C H NaSO · 025155-30-0,1,1,2,2,1,x,1,1,x,x,x,x,x,x,1,1,1
Sodium ferrocyanide,C 6 FeNa 4 N 6 · 013601-19-9,1,1,1,2,1,x,2,1,x,x,x,x,x,1,1,1,1
Sodium fluoride,NaF · 007681-49-4 · saturated,1,1,1,2,1,1,1,1,1,x,1,1,1,x,1,1,1
Sodium hydrosulfite,Na S O · 007775-14-6 · 10 %,1,x,2,2,2,x,2,1,x,x,1,x,1,x,1,1,1
Sodium hydrosulfite,Na 2 S 2 O 4 · 007775-14-6,1,x,2,2,2,x,2,1,x,x,1,x,1,x,1,1,1
Sodium hydroxide,NaOH · 001310-73-2 · concentrated,1,1,1,4,4,x,3,1,x,x,x,x,x,x,x,1,2
Sodium hydroxide,NaOH · 001310-73-2 · 30 %,1,1,1,4,4,1,1,1,1,1,1,1,x,x,1,1,2
Sodium hydroxide,NaOH · 001310-73-2 · 45 %,1,1,1,4,4,1,1,1,1,1,1,1,1,x,x,1,2
Sodium hydroxide,NaOH · 001310-73-2 · 50 %,1,1,1,4,4,1,1,1,2,1,1,x,x,1,1,1,3
Sodium hydroxide,NaOH · 001310-73-2 · 60 %,1,1,1,4,4,1,3,1,1,1,x,x,x,x,x,1,2
Sodium hydroxide,NaOH · 001310-73-2 · 1 %,1,1,1,3,3,1,1,1,2,1,1,x,x,1,1,1,1
Sodium hypochlorite,NaClO · 007681-52-9 · diluted,2,2,4,3,3,1,4,2,1,1,1,1,1,x,1,1,1
Sodium hypochlorite,NaClO · 007681-52-9 · 15 %,2,2,4,2,3,1,4,2,1,1,1,x,1,1,1,1,3
Sodium hypochlorite,NaClO · 007681-52-9 · saturated,2,2,4,2,3,1,4,2,1,1,1,x,1,x,1,1,3
Sodium hypochlorite,"NaClO · 007681-52-9 · 12,5 % Cl",2,2,4,2,3,1,4,2,1,1,1,1,1,1,1,1,1
Sodium iodide,NaJ · 007681-82-5 · each,1,1,2,1,1,x,1,1,x,x,1,x,x,1,1,1,1
Sodium metabisulfite,2 2 5 · 007681-57-4 · each,1,1,1,2,2,x,4,1,x,x,1,x,x,x,1,1,1
Sodium nitrate,NaNO · 007631-99-4 · saturated,1,1,1,1,1,1,1,1,1,1,1,1,1,1,1,1,1
Sodium nitrate,NaNO 3 · 007631-99-4 · aqueous,1,1,1,1,1,x,1,1,x,x,x,x,x,1,1,1,1
Sodium nitrite,NaNO 2 · 007632-00-0 · saturated,1,1,1,2,1,1,1,1,1,x,1,1,1,x,1,1,1
Sodium nitrite,NaNO · 007632-00-0 · aqueous,1,1,1,2,1,x,1,1,x,x,x,x,x,x,1,1,1
Sodium oxalate,C Na O · 000062-76-0 · saturated,1,1,1,1,1,x,1,1,x,x,1,x,x,1,1,1,1
Sodium perborate,NaBO 2 (HO) 2 x 3H 2 O013517-20-9 · saturated,1,1,4,2,x,x,2,1,1,x,1,3,1,x,1,1,1
Sodium perborate,NaBO 2 (HO) 2 x 3H 2 O013517-20-9 · aqueous,1,1,4,2,3,x,2,1,x,x,x,x,x,x,1,1,1
Sodium perchlorate,NaClO 4 · 007601-89-0 · saturated,1,1,2,1,1,x,1,1,x,x,1,x,x,x,1,1,1
Sodium peroxide,Na 2 O 2 · 001313-60-6 · 10 %,x,1,4,3,4,x,4,x,x,x,1,x,x,x,x,1,1
Sodium peroxide,Na 2 O 2 · 001313-60-6 · saturated,x,3,4,3,4,x,4,2,x,x,1,x,x,x,x,1,1
Sodium persulfate,Na 2 S 2 O 8 · 007775-27-1 · saturated,1,x,4,2,x,x,3,1,x,x,1,x,x,x,1,1,1
Sodium phosphate,Na 3 PO 4 x 12H 2 O · 010101-89-0 · saturated,1,1,1,2,1,x,1,1,1,x,1,1,1,1,1,1,1
Sodium phosphate,Na 3 PO 4 x 12H 2 O · 010101-89-0 · aqueous,1,1,1,2,1,x,1,1,x,x,x,x,x,1,1,1,1
Sodium polyphosphates,(NaPO 3 ) 6 · 068915-31-1 · saturated,1,1,2,2,1,x,1,1,x,x,x,x,x,x,1,1,1
Sodium silicate,Na 2 Si 3 O 7 · 001344-09-8 · each,1,1,1,1,1,x,2,1,1,x,1,1,1,x,1,1,1
Sodium silicate,Na 2 Si 3 O 7 · 001344-09-8 · saturated,1,1,1,1,1,x,x,1,1,x,1,1,1,x,1,1,1
Sodium stearate,C 18 H 35 NaO 2 · 000822-16-2 · aqueous,1,1,1,2,1,x,1,1,x,x,x,x,x,1,1,1,1
Sodium sulfate,Na 2 SO 4 · 007757-82-6 · saturated,1,1,1,1,1,x,1,1,1,1,1,1,1,1,1,1,1
Sodium sulfate,Na 2 SO 4 · 007757-82-6 · aqueous,1,1,1,1,1,x,1,1,x,1,1,1,x,1,1,1,1
Sodium sulfate,Na 2 SO 4 · 007757-82-6,1,1,1,1,1,x,1,1,x,x,x,x,x,1,1,1,1
Sodium sulfide,Na 2 S · 001313-82-2 · saturated,1,1,1,3,1,1,1,1,1,1,1,1,1,x,1,1,3
Sodium sulfide,Na 2 S · 001313-82-2 · aqueous,1,1,1,3,1,x,1,1,x,x,x,x,x,x,1,1,1
Sodium sulfite,Na 2 SO 3 · 007757-83-7 · saturated,1,1,1,2,2,1,1,1,1,x,1,1,1,x,1,1,1
Sodium thiosulfate,2 2 3 2 · 010102-17-7 · each,1,1,1,2,1,x,1,1,x,x,x,x,x,1,1,1,1
Sodium thiosulfate,2 2 3 2 · 010102-17-7 · saturated,1,1,1,1,1,x,1,1,1,x,1,1,1,x,1,1,1
Sodium thiosulfate,Na S O x 5H O · 010102-17-7 · aqueous,1,1,1,1,1,x,1,1,x,x,x,x,x,x,1,1,1
Soft soap,— · — · diluted,1,1,x,2,1,x,1,1,x,x,1,x,x,x,1,1,1
Soya oil,— · 008001-22-7,x,x,2,1,1,x,2,1,x,x,x,x,x,x,1,1,1
Spermaceti,— · 008002-23-1,x,1,1,1,1,x,x,1,x,x,x,x,x,x,1,1,1
Spinning bath acid,— · — · 100mg CS /l,1,x,4,3,x,x,4,1,x,x,1,x,x,x,1,1,1
Spirit (of wine),C 2 H 6 O · —,1,1,1,1,1,1,1,1,3,1,1,3,1,1,1,1,1
Spirits,C H O · —,1,1,1,1,1,x,1,1,x,1,1,x,x,1,1,1,1
Spirits of Turpentine,— · 008006-64-2,2,3,1,4,1,3,1,4,4,4,2,4,3,1,1,1,1
Spirits of wine,C 2 H 6 O · — · 50 %,1,1,1,1,1,1,1,1,1,1,1,3,x,x,1,1,1
Spirits of wine,C 2 H 6 O · — · 96 %,1,1,1,1,1,1,1,1,3,1,1,3,1,1,1,1,1
Spruce oil,— · 008008-80-8,1,2,2,2,x,2,2,1,4,3,3,x,3,1,1,1,2
Stannic chloride,SnCl · 007646-78-8 · aqueous,1,1,4,3,x,x,4,1,4,x,x,x,x,x,1,1,1
Stannous chloride,SnCl 2 · 007772-99-8 · aqueous,1,1,4,2,x,x,2,1,x,x,x,x,x,x,1,1,1
Stannous chloride,SnCl · 007772-99-8 · saturated,1,1,4,1,x,x,2,1,1,x,1,1,1,x,1,1,1
Starch solution,(C H O ) · — · each,1,1,1,1,1,x,1,1,x,x,1,x,x,1,1,1,1
Starch syrup,— · —,1,1,1,1,1,x,1,1,x,x,1,x,x,1,1,1,1
"Stauffer grease, thick",— · —,x,x,2,2,1,x,1,2,1,x,x,x,1,x,1,1,1
Steam,H O · — · up to 150°C,4,4,4,x,x,x,3,3,x,x,x,x,x,x,x,1,x
Stearic acid,C 18 H 36 O 2 · 000057-11-4 · crystals,1,1,1,1,1,1,1,1,1,2,1,1,1,1,1,1,1
Strontium bromide,SrBr 2 · 010476-81-0,1,1,2,1,1,x,1,1,x,x,x,x,1,x,1,1,1
Strychnine,C H N O · 000057-24-9,1,1,1,1,2,x,2,1,1,x,x,x,x,x,1,1,1
Styrene,C H · 000100-42-5 · 100 %,4,3,1,4,1,4,1,3,x,x,4,4,x,x,1,1,2
Succinic acid,C 4 H 6 O 4 · 000110-15-6 · 50 %,1,1,3,2,x,x,3,1,x,x,2,x,x,1,1,1,1
Succinic acid,4 6 4 · 000110-15-6 · saturated,1,1,3,2,x,x,3,1,1,x,1,1,x,1,1,1,1
Sugar acid,— · — · saturated,1,1,3,2,x,x,2,1,x,x,x,x,x,x,1,1,1
Sugar beet juice,— · —,1,1,1,1,x,1,1,1,1,x,1,1,x,1,1,1,1
Sugar syrup,— · —,1,1,1,1,1,1,1,1,1,1,1,x,x,1,1,1,1
Sulfur,S · 007704-34-9 · techn. pure,1,1,1,1,2,x,1,1,1,x,3,3,1,x,1,1,1
Sulfur (mono)chloride,S Cl · 010025-67-9,x,x,4,3,x,x,4,4,x,x,x,x,x,x,1,1,1
Sulfur dioxide,SO 2 · 007446-09-5 · damp,1,1,3,3,x,1,4,1,3,2,1,x,x,1,1,1,1
Sulfur dioxide,2 · 007446-09-5 · liquid,3,4,3,3,x,4,4,4,4,2,3,x,x,1,1,1,4
Sulfur hexafluoride,SF · 002551-62-4,x,x,1,2,1,x,1,2,x,x,x,x,1,x,x,1,2
Sulfur trioxide,SO 3 · 007446-11-9,4,4,4,4,4,x,4,4,x,x,4,x,x,x,2,2,3
"Sulfur, melted, 121 °C",S 8 · 007704-34-9,x,x,4,3,x,4,4,4,4,x,x,x,4,x,x,1,x
Sulfuric acid,H SO · 007664-93-9 · 40 %,1,1,4,2,4,1,4,1,2,3,1,1,1,1,1,1,1
Sulfuric acid,H SO · 007664-93-9 · 60 %,1,1,4,3,4,1,4,1,2,1,1,x,x,1,1,1,1
Sulfuric acid,H 2 SO 4 · 007664-93-9 · 80 %,1,1,4,3,4,1,4,1,3,3,1,1,x,1,1,1,1
Sulfuric acid,H SO · 007664-93-9 · 95 %,3,3,4,4,4,2,4,3,4,4,2,x,4,1,1,1,1
Sulfuric acid,H SO · 007664-93-9 · fuming,4,4,4,4,4,4,4,4,4,4,4,4,x,x,1,1,4
Sulfuric acid,H 2 SO 4 · 007664-93-9 · 1-6 %,1,1,4,1,x,1,4,1,1,1,1,x,1,1,1,1,1
Sulfuric acid,H 2 SO 4 · 007664-93-9 · 20 %,1,1,4,1,x,1,4,1,1,1,1,x,x,1,1,1,1
Sulfurous acid,H SO · 007782-99-2 · saturated,1,1,4,4,1,x,4,1,x,x,1,x,x,x,1,1,1
Sulfuryl chloride,Cl SO · 007791-25-5 · techn. pure,4,4,4,1,x,x,4,4,x,x,4,4,x,x,x,1,3
Tallow,— · — · techn. pure,1,1,1,1,1,x,1,1,x,x,1,1,x,x,1,1,1
Tannic acid,C 76 H 52 O 46 · 001401-55-4 · 10 %,1,1,1,3,x,1,4,1,3,x,1,x,x,x,1,1,1
Tannic acid,C 76 H 52 O 46 · 001401-55-4,1,1,1,4,x,x,4,1,1,x,x,x,1,x,1,1,1
Tanning extracts,— · —,1,1,1,3,x,x,4,1,x,x,x,x,x,x,1,1,1
"Tanning extracts, vegetable",— · — · techn. usually,1,1,1,3,x,x,4,1,x,x,1,x,x,x,1,1,1
Tar,— · —,x,1,1,3,1,x,1,2,1,1,1,3,x,x,1,1,2
Tartaric acid,C H O · 000087-69-4 · aqueous,1,1,3,1,x,x,3,1,x,1,x,x,x,x,1,1,1
Tartaric acid,C H O · 000087-69-4,1,1,4,1,x,1,3,1,2,1,1,1,1,1,1,1,1
Tetrabromoethane (TBE),C 2 H 2 Br 4 · — · 100 %,4,3,3,4,4,4,3,3,4,x,4,4,x,x,1,1,2
Tetrachloreethane,C 2 H 2 Cl 4 · — · techn. pure,3,3,3,4,4,4,1,3,4,x,4,4,4,x,1,1,1
Tetrachlorodifluoroethane,C Cl F · 000076-12-0,x,x,1,3,x,x,1,3,x,x,x,x,x,x,x,1,x
Tetrachloroethylene,C 2 Cl 4 · 000127-18-4,4,4,4,4,3,4,1,4,4,4,4,4,3,1,1,1,1
Tetrahydrofuran (THF),C 4 H 8 O · 000109-99-9,3,4,1,4,1,3,1,3,4,4,4,4,4,2,1,1,3
Tetrahydrofurfuryl alcohol,C 5 H 10 O 2 · 000097-99-4,x,x,2,3,x,x,2,2,x,x,x,x,4,x,1,1,2
Tetrahydronaphthalene,C H · 000119-64-2 · techn. pure,3,4,1,4,1,4,1,4,4,4,4,4,x,x,1,1,1
Thioglycolic acid,C 2 H 4 SO 2 · 000068-11-1,x,1,3,3,x,x,3,1,x,x,x,x,x,x,1,1,3
Thionyl chloride,Cl SO · 007719-09-7 · techn. pure,4,4,4,4,x,4,2,4,4,4,4,4,4,1,1,1,3
Thiophene,C H S · 000110-02-1,3,3,2,4,x,4,2,3,4,x,x,x,4,x,1,1,3
Thymol,C 10 H 14 O · 000089-83-8,x,x,3,3,x,x,3,3,3,x,x,x,4,x,1,1,2
Toluene,— · 092045-38-0 · 100 %,1,1,1,3,x,x,1,1,x,x,x,x,x,x,1,1,2
Train oil,— · —,x,x,1,2,1,x,1,2,x,x,x,x,x,x,1,1,1
Transformer oil,— · —,1,3,1,3,1,1,3,1,1,1,1,x,1,x,1,1,3
Triacetin,C H O · 000102-76-1,x,x,x,3,x,x,2,2,x,x,x,x,x,x,1,1,2
Tribromomethane,CHBr 3 · 000075-25-2,4,4,4,4,4,4,4,4,4,4,4,x,x,2,1,1,2
Tributyl citrate (TBC),C 18 H 32 O 7 · 000077-94-1,1,2,2,4,x,2,2,2,4,3,3,x,x,1,1,1,2
Tributyl phosphate (TBP),C H PO · 000126-73-8 · techn. pure,1,1,1,3,x,x,2,1,x,x,4,4,x,x,1,1,1
Trichloroacetaldehyde,C HCl O · 000075-87-6 · 100 %,1,1,4,3,4,x,3,1,x,x,4,4,x,x,1,x,4
Trichloroacetic acid (TCA),C 2 HCl 3 O 2 · 000076-03-9,1,3,4,4,4,x,4,1,4,x,4,4,x,x,1,1,1
Trichlorobenzene,C H Cl · — · 100 %,4,4,3,3,x,4,2,4,4,x,4,4,4,x,1,2,3
Trichloroethane,C H Cl · —,3,4,3,4,4,4,2,4,4,4,4,4,4,1,1,1,1
Trichloroethylene (TRI),C 2 HCl 3 · 000079-01-6 · 100 %,3,4,3,4,4,4,4,4,4,4,4,4,x,1,1,1,1
Trichlorofluoromethane,CCl 3 F · 000075-69-4,x,x,1,3,x,x,1,3,x,x,x,x,x,x,3,1,x
Trichlorophenol,C H Cl O · —,x,x,3,4,x,x,3,3,x,x,x,x,4,x,1,1,3
Trichlorotrifluoroethane,C 2 Cl 3 F 3 · 000076-13-1,x,x,1,3,1,x,1,3,x,x,x,x,x,x,x,1,1
Trichlorotrifluoroethane,C 2 Cl 3 F 3 · — · 100 %,4,3,1,3,x,x,1,4,4,1,3,4,3,x,x,1,1
Tricresyl phosphate (TCF),C H PO · — · techn. pure,1,1,1,4,1,x,1,1,4,x,4,4,4,x,1,1,3
Triethanolamine (TEA),C H NO · 000102-71-6 · techn. pure,1,1,2,2,1,x,2,1,1,x,3,4,1,x,1,1,1
Triethylamine (TEA),C 6 H 15 N · 000121-44-8 · techn. pure,x,x,2,3,x,x,1,4,x,x,x,x,x,x,1,1,3
Triethylene glycol,6 14 4 · 000112-27-6,1,1,3,1,x,1,1,1,1,1,2,x,1,1,1,1,2
Triethylene glycol diacetate,C H O · 000111-21-7,x,x,3,3,x,x,1,2,x,x,x,x,4,x,1,1,3
Triisopropylbenzene,C H · 000717-74-8,x,x,2,3,x,4,2,3,4,x,x,x,x,x,1,1,2
"Trimethylbenzene, 1,2,4-",C H · 000095-63-6,x,x,1,4,x,x,2,3,4,x,x,x,x,x,1,1,2
Trimethylolpropane,C 6 H 14 O 3 · 000077-99-6 · aqueous,x,x,2,2,2,x,1,1,x,x,x,x,x,x,1,1,1
"Trimethylpentane, 2,2,4-",8 18 · 000540-84-1 · techn. pure,1,1,1,2,1,4,1,1,3,1,1,4,1,x,1,1,1
Trioctyl phosphate,C H PO · 000078-42-2 · techn. pure,3,1,1,3,x,x,2,1,x,x,4,x,x,x,1,1,3
Tripropylene glycol (TPG),C 9 H 20 O 4 · 024800-44-0,1,1,3,1,x,1,1,1,1,1,2,x,x,1,1,1,2
Trisodium phosphate,Na 3 PO 4 · 007601-54-9,1,1,1,2,2,x,1,1,x,x,x,x,x,1,1,1,1
Turbine oil (based on mineral oil),— · —,x,x,1,2,1,x,2,1,x,x,x,x,x,x,1,1,1
Turpentine surrogate,— · —,x,x,1,3,1,4,1,3,4,x,x,x,1,x,1,1,1
Two-stroke oil,— · — · 100 %,x,1,1,2,1,x,1,1,x,x,x,x,x,x,1,1,1
Undecanol,C H O · 000112-42-5,1,1,1,2,1,1,1,1,2,3,1,x,1,1,1,1,1
Urea,CH N O · 000057-13-6 · aqueous,1,1,1,1,1,x,1,1,x,x,x,x,x,1,1,1,1
Urea,CH 4 N 2 O · 000057-13-6,1,1,1,1,1,1,1,1,1,3,2,3,1,1,1,1,1
Uric acid,C 5 H 4 N 4 O 3 · 000069-93-2,1,1,2,1,1,x,1,1,x,x,1,1,x,1,1,1,1
Urine,— · —,1,1,1,1,1,x,1,1,3,x,1,1,x,1,1,1,1
Valerian drops,— · —,x,x,2,2,2,x,2,2,4,x,x,x,1,x,1,1,1
Vaseline,— · 008009-03-8 · techn. pure,3,2,1,1,1,x,x,1,1,x,3,x,1,x,1,1,1
Vaseline oil,— · 008012-95-1 · 100 %,x,1,1,2,1,1,x,1,1,1,1,3,x,x,1,1,1
Vaseline oil,— · 008012-95-1,1,1,1,1,1,x,1,1,1,x,1,1,1,x,1,1,1
Vegetable oils,— · —,x,x,x,2,1,x,2,1,x,x,x,x,x,x,1,1,1
Vinegar,C H O · 000064-19-7,1,1,4,1,1,1,1,1,1,1,1,3,1,1,1,1,1
Vinyl acetate,C 4 H 6 O 2 · 000108-05-4 · techn. pure,x,1,1,4,3,4,x,1,x,x,4,4,x,x,1,1,1
Vinyl chloride (VCM),C H Cl · 000075-01-4 · techn. pure,x,x,1,4,1,x,x,3,x,x,4,4,x,x,1,1,1
Vinylidene chloride,C 2 H 2 Cl 2 · 000075-35-4,4,4,2,4,4,4,4,4,4,4,4,4,x,2,1,1,2
Vitamin C,C 6 H 8 O 6 · 000050-81-7 · liquid,1,1,2,2,1,x,2,1,x,x,x,x,x,1,1,1,1
Walnut oil,— · 008024-09-7,x,x,2,2,1,x,x,1,3,x,x,x,x,x,1,1,1
Washingup liquid,— · — · aqueous,1,1,2,2,1,x,1,1,x,x,x,x,x,x,1,1,1
Water,H 2 O · 007732-18-5,1,1,1,1,1,1,1,1,1,1,1,1,1,1,1,1,1
"Water, distilled ~",H O · 007732-18-5,1,1,1,1,1,1,1,1,1,1,1,1,1,1,1,1,1
Wax alcohol,— · — · techn. pure,3,3,2,2,1,x,x,3,x,x,1,3,x,x,1,1,1
Waxes,— · —,x,1,1,1,1,x,x,1,1,x,x,x,1,x,1,1,1
Wetting agent,— · — · 5 %,1,x,2,2,1,x,2,1,x,x,1,x,x,x,1,1,1
Whey,— · —,1,x,2,1,1,x,2,1,x,x,x,x,x,1,1,1,1
Whiskey,— · —,x,x,1,1,1,x,1,1,x,x,x,x,x,x,1,1,1
White Spirit,— · 008042-47-5,1,1,1,3,1,4,1,1,x,x,1,x,x,x,1,1,2
Wort for fermentation,— · —,1,1,2,2,1,x,1,1,x,x,x,x,x,1,1,1,2
Xenon,Xe · 007440-63-3,x,x,1,1,1,x,1,2,x,x,x,x,x,x,1,1,1
Xylene,C H · 001330-20-7,3,3,1,4,x,3,1,4,4,4,4,4,4,1,1,1,1
Yeast,— · — · each,1,1,1,1,1,x,1,1,x,x,1,1,x,1,1,1,1
Zinc acetate,C 4 H 6 ZnO 4 · 000557-34-6 · aqueous,1,1,2,2,2,x,2,1,x,x,x,x,x,x,1,1,1
Zinc bromide,ZnBr 2 · 007699-45-8,1,1,4,2,x,x,2,1,x,x,x,x,1,x,1,1,1
Zinc carbonate,ZnCO · 003486-35-9 · saturated,1,1,1,1,1,x,1,1,1,1,1,1,1,1,1,1,1
Zinc chloride,ZnCl · 007646-85-7 · aqueous,1,1,3,2,x,x,2,1,x,x,x,x,x,x,1,1,1
Zinc nitrate,Zn(NO 3 ) 2 · 007779-88-6,1,1,1,2,x,x,2,1,1,1,1,1,1,x,1,1,1
Zinc oxide,ZnO · 001314-13-2 · solid,1,1,1,1,1,1,1,1,1,1,1,1,1,1,1,1,1
Zinc oxide ointment,— · —,x,x,1,2,2,x,2,2,1,x,x,x,1,x,1,1,2
Zinc phosphate,Zn 3 (PO 4 ) 2 · 007779-90-0 · saturated,1,1,1,1,1,1,1,1,1,1,1,1,1,1,1,1,1
Zinc sludge,— · —,x,x,x,x,x,x,x,1,x,x,x,x,x,x,x,1,2
Zinc stearate,C H ZnO · 000557-05-1,1,1,1,1,x,1,1,1,1,1,1,1,1,1,1,1,1
Zinc sulfate,ZnSO 4 · 007733-02-0 · 10 %,1,1,3,1,2,1,2,1,1,x,1,1,1,1,1,1,1
Zinkchlorid,ZnCl 2 · 007646-85-7 · 10 %,1,1,3,1,x,1,2,1,1,x,1,1,1,1,1,1,1
